Domain,Comb_5y_interest
superuser.com,2041
bdnews24.com,11617
codepen.io,9155
kakaku.com,8778
kienthuc.net.vn,3218
metro.co.uk,10798
hubpages.com,2896
tinnhanh360.net,1254
torcache.net,1300
nesn.com,4299
stackoverflow.com,8830
babal.net,1702
torcache.net,1300
twitter.com,15444
indianexpress.com,8096
twitter.com,15444
ap.org,2649
instagram.com,16422
kenh14.vn,7582
sfglobe.com,1964
torcache.net,1300
torcache.net,1300
mic.com,1729
torcache.net,1300
tunein.com,5669
udn.com,7851
fishki.net,9623
olx.ro,10485
buzzfil.net,2458
grantland.com,1778
thenextweb.com,2074
grantland.com,1778
maybank2u.com.my,8060
web.de,14799
syosetu.com,2094
kickass.to,4594
pitchfork.com,4458
seesaawiki.jp,1946
myspace.com,6451
gizmodo.com,3423
torcache.net,1300
hubpages.com,2896
slashdot.org,4743
torcache.net,1300
serverfault.com,1335
ap.org,2649
thenextweb.com,2074
ecnavi.jp,1781
aljazeera.net,11551
distractify.com,2039
abc.go.com,4188
themeforest.net,5633
mylust.com,6087
kakaku.com,8778
thenextweb.com,2074
mic.com,1729
medium.com,6694
indianexpress.com,8096
correios.com.br,10972
interpark.com,1237
indianexpress.com,8096
ap.org,2649
hubpages.com,2896
emgn.com,2256
quizlet.com,7924
abc.go.com,4188
nesn.com,4299
olx.ua,12001
nguyentandung.org,2201
mirtesen.ru,3408
techcrunch.com,2296
mic.com,1729
gov.uk,13708
thenextweb.com,2074
censor.net.ua,7925
plarium.com,3725
serverfault.com,1335
xhamster.com,13827
ck101.com,1349
rt.com,4725
babal.net,1702
jezebel.com,6351
distractify.com,2039
grantland.com,1778
housing.com,7571
arstechnica.com,2645
distractify.com,2039
plarium.com,3725
censor.net.ua,7925
bongda88.info,1509
torrentdn.com,1583
web.de,14799
steamcommunity.com,5654
seesaawiki.jp,1946
fortune.com,5652
bestblackhatforum.com,1986
olx.pl,11451
emgn.com,2256
askubuntu.com,1712
olx.co.id,5120
metro.co.uk,10798
thenextweb.com,2074
perezhilton.com,2185
correios.com.br,10972
interpark.com,1237
web.de,14799
allrecipes.com,11815
depositphotos.com,4178
thenextweb.com,2074
olx.ua,12001
bongda88.info,1509
olx.co.id,5120
moviepilot.com,1899
censor.net.ua,7925
nypost.com,6344
thechive.com,4369
ap.org,2649
thenextweb.com,2074
olx.in,9983
superuser.com,2041
torcache.net,1300
nymag.com,4290
allegro.pl,10160
otomoto.pl,9566
variety.com,4543
interpark.com,1237
tobogo.net,1487
emgn.com,2256
emgn.com,2256
otomoto.pl,9566
skyrock.com,6584
kenh14.vn,7582
emgn.com,2256
kotaku.com,4009
fortune.com,5652
abcnews.go.com,6096
censor.net.ua,7925
interpark.com,1237
askubuntu.com,1712
mylust.com,6087
pornsharing.com,2476
plarium.com,3725
allegro.pl,10160
mirtesen.ru,3408
censor.net.ua,7925
emgn.com,2256
thenextweb.com,2074
mic.com,1729
depositphotos.com,4178
atwiki.jp,1746
correios.com.br,10972
torcache.net,1300
mylust.com,6087
sourceforge.net,6969
distractify.com,2039
themeforest.net,5633
metro.co.uk,10798
sourceforge.net,6969
torcache.net,1300
searchengineland.com,1556
emgn.com,2256
emgn.com,2256
mic.com,1729
elcomercio.pe,7034
espn.go.com,5903
eksisozluk.com,4038
ap.org,2649
vnexpress.net,7261
fazenda.gov.br,5631
sfglobe.com,1964
torcache.net,1300
xhamster.com,13827
torcache.net,1300
esporte.uol.com.br,1635
steamcommunity.com,5654
nesn.com,4299
nguyentandung.org,2201
aljazeera.net,11551
superuser.com,2041
metro.co.uk,10798
extratorrent.cc,11839
skyrock.com,6584
kickass.to,4594
bdnews24.com,11617
askubuntu.com,1712
xhamster.com,13827
thenextweb.com,2074
askubuntu.com,1712
emgn.com,2256
mic.com,1729
xvideo-jp.com,2159
thenextweb.com,2074
quizlet.com,7924
pikabu.ru,5181
nguyentandung.org,2201
distractify.com,2039
mylust.com,6087
mic.com,1729
thenextweb.com,2074
oneplus.net,3083
instagram.com,16422
tinnhanh360.net,1254
jezebel.com,6351
censor.net.ua,7925
rt.com,4725
themeforest.net,5633
babal.net,1702
bestblackhatforum.com,1986
rocketnews24.com,1789
buzzfil.net,2458
steamcommunity.com,5654
torcache.net,1300
icicibank.com,15140
steamcommunity.com,5654
themeforest.net,5633
superuser.com,2041
bestblackhatforum.com,1986
mashable.com,2576
motthegioi.vn,2672
paytm.com,5639
bestblackhatforum.com,1986
bdnews24.com,11617
diply.com,2804
extratorrent.cc,11839
zozo.jp,2545
nesn.com,4299
qz.com,4950
ck101.com,1349
bleacherreport.com,6452
torcache.net,1300
auto.ru,13698
indianexpress.com,8096
vnexpress.net,7261
serverfault.com,1335
olx.ro,10485
torcache.net,1300
censor.net.ua,7925
kickass.to,4594
olx.ua,12001
1337x.to,13913
techcrunch.com,2296
persianblog.ir,2311
instagram.com,16422
interpark.com,1237
europa.eu,2666
allegro.pl,10160
mashable.com,2576
evernote.com,6849
themeforest.net,5633
lifehacker.com,3268
kakaku.com,8778
kickass.to,4594
torcache.net,1300
twitter.com,15444
olx.ro,10485
indianexpress.com,8096
arstechnica.com,2645
rocketnews24.com,1789
serverfault.com,1335
bleacherreport.com,6452
ecnavi.jp,1781
wikiwiki.jp,2286
seekingalpha.com,3529
olx.ro,10485
olx.ua,12001
hollywoodlife.com,4269
elitedaily.com,2403
kenh14.vn,7582
kakaku.com,8778
olx.pl,11451
udn.com,7851
mashable.com,2576
perezhilton.com,2185
xvideo-jp.com,2159
ap.org,2649
emgn.com,2256
indianexpress.com,8096
500px.com,4954
censor.net.ua,7925
500px.com,4954
torcache.net,1300
extratorrent.cc,11839
privatbank.ua,9246
thenextweb.com,2074
tunein.com,5669
allegro.pl,10160
ink361.com,2139
moviepilot.com,1899
thenextweb.com,2074
mic.com,1729
correios.com.br,10972
espn.go.com,5903
katproxy.com,1536
qz.com,4950
correios.com.br,10972
atwiki.jp,1746
khabaronline.ir,6323
hubpages.com,2896
fishki.net,9623
lastpass.com,6793
katproxy.com,1536
maybank2u.com.my,8059
kickass.to,4597
mic.com,1729
udn.com,7851
stackoverflow.com,8831
ap.org,2638
katproxy.com,1536
tunein.com,5668
qz.com,4950
ringring.vn,1830
kakaku.com,8794
bestblackhatforum.com,2028
nguyentandung.org,2201
torcache.net,1300
atwiki.jp,1746
xvideo-jp.com,2159
anandtech.com,2255
askubuntu.com,1707
haberler.com,11425
web.de,14798
themeforest.net,5660
tobogo.net,1487
olx.co.id,5120
kakaku.com,8794
tinnhanh360.net,1254
thechive.com,4369
lifehacker.com,3268
interpark.com,1237
seesaawiki.jp,1946
twitter.com,15445
auto.ru,13698
atwiki.jp,1746
uproxx.com,956
udn.com,7851
otomoto.pl,9566
stackoverflow.com,8831
pitchfork.com,4431
emgn.com,2256
nguyentandung.org,2201
kienthuc.net.vn,3205
cheezburger.com,2448
searchengineland.com,1556
twitter.com,15445
couchtuner.eu.com,1527
aljazeera.net,11554
torcache.net,1300
hollywoodlife.com,4269
kienthuc.net.vn,3205
kotaku.com,4009
tobogo.net,1487
fishki.net,9618
pikabu.ru,5181
kenh14.vn,7582
thenextweb.com,2046
olx.co.id,5120
motthegioi.vn,2672
hdfcbank.com,13371
olx.ua,12004
dribbble.com,5241
maybank2u.com.my,8059
teespring.com,3209
olx.ro,10487
otomoto.pl,9566
censor.net.ua,7927
tobogo.net,1487
metro.co.uk,10792
olx.ua,12004
maybank2u.com.my,8059
ap.org,2638
persianblog.ir,2311
olx.ro,10487
thechive.com,4369
xvideo-jp.com,2159
twitter.com,15445
gizmodo.com,3467
udn.com,7851
pinterest.com,18748
olx.ro,10487
extratorrent.cc,11839
bleacherreport.com,6452
maybank2u.com.my,8059
correios.com.br,10977
twitter.com,15445
prezi.com,9977
interpark.com,1237
olx.co.id,5120
superuser.com,2041
ecnavi.jp,1781
bestblackhatforum.com,2028
moviepilot.com,1899
katproxy.com,1536
extratorrent.cc,11839
hollywoodlife.com,4269
censor.net.ua,7927
nguyentandung.org,2201
500px.com,4954
io9.com,2018
elitedaily.com,2403
prezi.com,9977
distractify.com,2039
bestblackhatforum.com,2028
motthegioi.vn,2672
twitter.com,15445
tobogo.net,1487
mirtesen.ru,3408
distractify.com,2039
sfglobe.com,1964
motthegioi.vn,2672
torcache.net,1300
olx.ro,10487
stackoverflow.com,8831
kenh14.vn,7582
ap.org,2638
skyrock.com,6584
mic.com,1734
cookpad.com,4150
pikabu.ru,5181
mic.com,1734
qz.com,4950
elitedaily.com,2403
vnexpress.net,7261
torcache.net,1300
otomoto.pl,9566
web.de,14798
twitter.com,15445
nesn.com,4314
caixa.gov.br,695
thenextweb.com,2046
lifehacker.com,3268
wikiwiki.jp,2286
mylust.com,6108
metro.co.uk,10792
censor.net.ua,7927
codecanyon.net,3824
putlocker.is,9558
tunein.com,5668
torcache.net,1300
thenextweb.com,2046
katproxy.com,1536
getpocket.com,2632
sourceforge.net,6969
extratorrent.cc,11839
seesaawiki.jp,1946
techcrunch.com,2296
digg.com,5113
akhbarelyom.com,1743
twitter.com,15445
tobogo.net,1487
sourceforge.net,6969
katproxy.com,1536
gawker.com,2157
mic.com,1734
ap.org,2638
distractify.com,2039
bdnews24.com,11615
twitter.com,15445
mashable.com,2576
uproxx.com,956
twitter.com,15445
tune.pk,6279
torcache.net,1300
otomoto.pl,9566
superuser.com,2041
genius.com,12013
gtbank.com,8884
oneplus.net,3083
distractify.com,2039
correios.com.br,10977
correios.com.br,10977
housing.com,7570
ap.org,2638
distractify.com,2039
sberbank.ru,6611
motthegioi.vn,2672
emgn.com,2256
medium.com,6693
indianexpress.com,8110
torcache.net,1300
fazenda.gov.br,5631
otomoto.pl,9566
bdnews24.com,11615
gtbank.com,8884
interpark.com,1237
distractify.com,2039
myspace.com,6447
grantland.com,1778
mashable.com,2576
nesn.com,4314
techcrunch.com,2296
extratorrent.cc,11839
mashable.com,2576
correios.com.br,10977
distractify.com,2039
hdfcbank.com,13371
olx.co.id,5120
techcrunch.com,2296
superuser.com,2041
kickass.to,4597
correios.com.br,10977
mixi.jp,2395
metro.co.uk,10792
kickass.to,4597
kenh14.vn,7582
udn.com,7851
seesaawiki.jp,1946
tinnhanh360.net,1254
gawker.com,2157
torcache.net,1300
correios.com.br,10977
kenh14.vn,7582
nesn.com,4314
khabaronline.ir,6323
moviepilot.com,1899
bestblackhatforum.com,2028
codepen.io,9165
1337x.to,13913
mashable.com,2576
aljazeera.net,11554
hubpages.com,2896
interpark.com,1237
sourceforge.net,6969
xhamster.com,13824
grantland.com,1778
torrentdn.com,1583
tunein.com,5668
correios.com.br,10977
ap.org,2638
kienthuc.net.vn,3205
atwiki.jp,1765
pornsharing.com,2499
elitedaily.com,2403
torcache.net,1300
serverfault.com,1335
themeforest.net,5660
deadspin.com,2712
khabaronline.ir,6323
abc.go.com,4188
arstechnica.com,2645
distractify.com,2039
distractify.com,2039
akhbarelyom.com,1743
kenh14.vn,7582
interpark.com,1237
nesn.com,4314
bleacherreport.com,6452
elcomercio.pe,7034
pikabu.ru,5181
mirtesen.ru,3408
motthegioi.vn,2672
motthegioi.vn,2672
sourceforge.net,6969
distractify.com,2039
ink361.com,2139
indianexpress.com,8110
medium.com,6693
kakaku.com,8794
pikabu.ru,5181
auto.ru,13698
metro.co.uk,10792
atwiki.jp,1765
paytm.com,5639
tunein.com,5668
themeforest.net,5660
distractify.com,2039
superuser.com,2041
1337x.to,13913
skyrock.com,6558
soundcloud.com,13451
motthegioi.vn,2672
thenextweb.com,2046
distractify.com,2039
worldoftanks.ru,3968
eksisozluk.com,4038
noticias.uol.com.br,1148
ecnavi.jp,1781
fishki.net,9618
indianexpress.com,8110
io9.com,2018
ap.org,2638
akhbarelyom.com,1743
elitedaily.com,2403
techcrunch.com,2296
censor.net.ua,7927
codecanyon.net,3824
mic.com,1734
sfglobe.com,1964
couchtuner.eu.com,1527
bmi.ir,6068
qz.com,4950
motthegioi.vn,2672
emgn.com,2256
hubpages.com,2896
kenh14.vn,7582
xhamster.com,13824
bdnews24.com,11615
plarium.com,3725
prezi.com,9977
elitedaily.com,2403
extratorrent.cc,11839
twitter.com,15445
kenh14.vn,7582
kickass.to,4597
thenextweb.com,2046
nguyentandung.org,2201
sprint.com,8830
pornsharing.com,2499
depositphotos.com,4178
katproxy.com,1536
variety.com,4557
qz.com,4950
babal.net,1702
tunein.com,5668
mixi.jp,2395
distractify.com,2039
olx.ua,12004
torcache.net,1300
serverfault.com,1335
indianexpress.com,8110
olx.ua,12004
depositphotos.com,4178
pornsharing.com,2499
variety.com,4557
kienthuc.net.vn,3205
indianexpress.com,8110
nypost.com,6348
torcache.net,1300
distractify.com,2039
hubpages.com,2896
otomoto.pl,9567
fanpage.gr,1299
elcomercio.pe,7033
censor.net.ua,7927
rt.com,4724
akhbarelyom.com,1743
torcache.net,1300
censor.net.ua,7927
tunein.com,5668
buzzfil.net,2410
bestblackhatforum.com,2028
babal.net,1702
codecanyon.net,3824
superuser.com,2041
motthegioi.vn,2672
maybank2u.com.my,8059
indianexpress.com,8110
thenextweb.com,2046
themeforest.net,5660
atwiki.jp,1765
correios.com.br,10977
bdnews24.com,11615
elitedaily.com,2395
olx.co.id,5117
tinnhanh360.net,1254
qz.com,4950
extratorrent.cc,11844
abc.go.com,4188
kenh14.vn,7582
500px.com,4979
babal.net,1702
tobogo.net,1487
themeforest.net,5660
wikiwiki.jp,2286
hubpages.com,2896
slashdot.org,4743
depositphotos.com,4178
otomoto.pl,9567
otomoto.pl,9567
nypost.com,6348
digg.com,5113
udn.com,7851
allegro.pl,10160
zozo.jp,2545
askubuntu.com,1707
sfglobe.com,1964
mylust.com,6108
olx.co.id,5117
allrecipes.com,11814
kenh14.vn,7582
torrentdn.com,1583
nguyentandung.org,2201
variety.com,4557
censor.net.ua,7927
otomoto.pl,9567
variety.com,4557
thenextweb.com,2046
medium.com,6693
prezi.com,9977
serverfault.com,1335
9gag.tv,1610
hollywoodlife.com,4269
udn.com,7851
mylust.com,6108
distractify.com,2039
udn.com,7851
icicibank.com,15141
irecommend.ru,4550
babal.net,1702
nguyentandung.org,2201
sourceforge.net,6952
screenrant.com,3777
mic.com,1734
hootsuite.com,5139
sourceforge.net,6952
twitter.com,15445
taboola.com,3860
thechive.com,4386
noticias.uol.com.br,1148
nesn.com,4314
mirtesen.ru,3408
otomoto.pl,9567
thenextweb.com,2046
rozetka.com.ua,3989
tinnhanh360.net,1254
emgn.com,2256
nesn.com,4314
cheezburger.com,2448
1337x.to,13912
olx.ua,12004
fazenda.gov.br,5634
myspace.com,6447
mic.com,1734
ecnavi.jp,1781
maybank2u.com.my,8063
searchengineland.com,1556
serverfault.com,1335
olx.co.id,5117
torcache.net,1300
medium.com,6693
sourceforge.net,6952
correios.com.br,10977
allegro.pl,10160
techcrunch.com,2296
serverfault.com,1335
elcomercio.pe,7033
distractify.com,2039
extratorrent.cc,11844
elitedaily.com,2395
steamcommunity.com,5669
kotaku.com,4009
torrentdn.com,1583
stackoverflow.com,8363
tobogo.net,1487
twitter.com,15445
sfglobe.com,1964
atwiki.jp,1765
ringring.vn,1811
kakaku.com,8793
web.de,14798
jezebel.com,6351
olx.co.id,5117
wikiwiki.jp,2286
kenh14.vn,7582
mashable.com,2604
io9.com,2018
digg.com,5113
bdnews24.com,11615
thenextweb.com,2046
depositphotos.com,4178
plarium.com,3725
caixa.gov.br,695
plarium.com,3725
io9.com,2018
thenextweb.com,2046
searchengineland.com,1556
olx.ua,12004
ap.org,2628
kienthuc.net.vn,3205
mixi.jp,2395
plarium.com,3725
otomoto.pl,9567
aljazeera.net,11549
correios.com.br,10977
tinnhanh360.net,1254
torcache.net,1300
tinnhanh360.net,1254
web.de,14798
sourceforge.net,6952
indianexpress.com,8110
twitter.com,15445
olx.co.id,5117
mic.com,1734
bestblackhatforum.com,2002
depositphotos.com,4178
nesn.com,4314
espn.go.com,5898
grantland.com,1778
babal.net,1702
tinnhanh360.net,1254
nesn.com,4314
mashable.com,2604
comicbook.com,8471
emgn.com,2256
maybank2u.com.my,8063
irecommend.ru,4550
fazenda.gov.br,5634
sourceforge.net,6952
motthegioi.vn,2672
babal.net,1702
olx.co.id,5117
babal.net,1702
mylust.com,6108
smallseotools.com,4168
tinnhanh360.net,1254
plarium.com,3725
twitter.com,15444
abc.go.com,4188
nesn.com,4299
qz.com,4950
hollywoodlife.com,4269
thenextweb.com,2046
archive.org,14336
olx.ro,10486
ringring.vn,1811
babal.net,1702
indianexpress.com,8092
thenextweb.com,2046
irecommend.ru,4550
moviepilot.com,1899
udn.com,7851
olx.co.id,5117
sourceforge.net,6952
searchengineland.com,1556
hubpages.com,2896
mashable.com,2604
mic.com,1740
correios.com.br,10976
tinnhanh360.net,1254
qz.com,4950
khabaronline.ir,6246
yourlust.com,4644
motthegioi.vn,2672
sourceforge.net,6952
distractify.com,2039
depositphotos.com,4178
extratorrent.cc,11844
buzzfil.net,2410
ap.org,2628
mic.com,1740
censor.net.ua,7931
fotostrana.ru,10783
torcache.net,1300
torcache.net,1300
elitedaily.com,2395
ap.org,2628
doodle.com,11698
perezhilton.com,2160
grantland.com,1778
500px.com,4979
thenextweb.com,2046
filehippo.com,7520
skyrock.com,6558
depositphotos.com,4178
tobogo.net,1487
extratorrent.cc,11844
codecanyon.net,3867
medium.com,6694
atwiki.jp,1765
couchtuner.eu.com,1527
distractify.com,2039
distractify.com,2039
mylust.com,6099
codecanyon.net,3867
patch.com,10876
irecommend.ru,4550
distractify.com,2039
qz.com,4950
bdnews24.com,11615
tobogo.net,1487
torcache.net,1300
variety.com,4557
seekingalpha.com,3533
bleacherreport.com,6442
correios.com.br,10976
babal.net,1702
plarium.com,3725
torcache.net,1300
deadspin.com,2712
torcache.net,1300
censor.net.ua,7931
codepen.io,9165
indianexpress.com,8092
babal.net,1702
askubuntu.com,1687
thechive.com,4386
interpark.com,1237
icicibank.com,15141
emgn.com,2256
thenextweb.com,2046
extratorrent.cc,11844
rt.com,4724
tobogo.net,1487
thenextweb.com,2046
jalopnik.com,1261
indianexpress.com,8092
kenh14.vn,7582
twitter.com,15444
lastpass.com,6798
udn.com,7851
interpark.com,1237
techcrunch.com,2296
stackoverflow.com,8363
techcrunch.com,2296
thechive.com,4386
torrentdn.com,1583
ringring.vn,1811
fazenda.gov.br,5634
extratorrent.cc,11844
deadspin.com,2712
eksisozluk.com,4048
mic.com,1740
seasonvar.ru,9108
privatbank.ua,9275
codecanyon.net,3867
tobogo.net,1487
udn.com,7851
buzzfil.net,2410
motthegioi.vn,2672
nguyentandung.org,2201
kenh14.vn,7582
kienthuc.net.vn,3205
ck101.com,1349
tunein.com,5655
distractify.com,2039
persianblog.ir,2230
distractify.com,2039
torcache.net,1300
correios.com.br,10976
udn.com,7851
olx.ro,10486
torcache.net,1300
sourceforge.net,6952
superuser.com,2041
torcache.net,1300
stackoverflow.com,8363
motthegioi.vn,2672
torcache.net,1300
bdnews24.com,11615
interpark.com,1237
udn.com,7851
twitter.com,15444
sprint.com,8830
superuser.com,2041
extratorrent.cc,11844
nypost.com,6348
b9dm.com,2874
getpocket.com,2632
thenextweb.com,2046
extratorrent.cc,11844
mic.com,1740
allrecipes.com,11814
gizmodo.com,3453
kenh14.vn,7582
kenh14.vn,7582
buzzfil.net,2410
himado.in,2337
pornsharing.com,2476
nypost.com,6348
nesn.com,4299
techcrunch.com,2296
mic.com,1740
diply.com,2804
extratorrent.cc,11844
udn.com,7851
distractify.com,2039
mirtesen.ru,3408
udn.com,7851
maybank2u.com.my,8063
uproxx.com,956
ap.org,2628
gov.uk,13710
elitedaily.com,2395
couchtuner.eu.com,1527
wpengine.com,1717
searchengineland.com,1556
motthegioi.vn,2672
motthegioi.vn,2672
zozo.jp,2545
distractify.com,2039
indianexpress.com,8092
pitchfork.com,4451
archive.org,14336
kakaku.com,8793
grantland.com,1778
kenh14.vn,7582
codecanyon.net,3867
tunein.com,5655
askubuntu.com,1687
medium.com,6694
emgn.com,2256
motthegioi.vn,2672
paytm.com,5638
putlocker.is,9551
venturebeat.com,1860
motthegioi.vn,2672
stackoverflow.com,8363
correios.com.br,10976
tobogo.net,1487
elitedaily.com,2395
torcache.net,1300
caixa.gov.br,696
distractify.com,2054
extratorrent.cc,11840
cheezburger.com,2447
irecommend.ru,4616
olx.co.id,5118
tinnhanh360.net,1257
superuser.com,2047
torcache.net,1290
twitter.com,15471
ap.org,2636
genius.com,11661
seekingalpha.com,3522
bestblackhatforum.com,1984
olx.ro,10530
rocketnews24.com,1792
torcache.net,1290
motthegioi.vn,2676
kenh14.vn,7562
gawker.com,2157
tinnhanh360.net,1257
bgr.com,3289
fanpage.gr,1300
emgn.com,2255
yourlust.com,4647
serverfault.com,1334
techcrunch.com,2319
torrentdn.com,1583
icicibank.com,15167
seekingalpha.com,3555
nypost.com,6344
jezebel.com,6350
plarium.com,3713
serverfault.com,1335
indianexpress.com,7086
extratorrent.cc,11842
steamcommunity.com,4401
bestblackhatforum.com,2015
thenextweb.com,2238
getpocket.com,3042
mediaset.it,3667
grantland.com,1827
esporte.uol.com.br,2640
extratorrent.cc,11867
noticias.uol.com.br,1126
olx.ua,12129
thenextweb.com,2238
skyrock.com,6540
correios.com.br,10927
bestblackhatforum.com,2033
correios.com.br,10927
maybank2u.com.my,8144
fanpage.gr,1333
momoshop.com.tw,1963
maybank2u.com.my,8144
motthegioi.vn,2764
nypost.com,6793
stackoverflow.com,9797
tinnhanh360.net,1286
twitter.com,15463
sourceforge.net,6891
olx.ua,12129
aljazeera.net,11423
nypost.com,6789
plarium.com,3697
vz.ru,10452
babal.net,1411
mylust.com,6085
censor.net.ua,7896
mic.com,1826
syosetu.com,1554
searchengineland.com,1474
ck101.com,1417
udn.com,7722
xhamster.com,13606
cheezburger.com,2369
babal.net,1411
grantland.com,1844
extratorrent.cc,11869
twitter.com,15463
distractify.com,2189
interpark.com,1144
megogo.net,3635
yourlust.com,4562
indianexpress.com,8019
putlocker.is,9573
motthegioi.vn,2701
babal.net,1566
extratorrent.cc,11849
slashdot.org,4526
tobogo.net,1952
elitedaily.com,1932
bdnews24.com,11706
fishki.net,9778
comicbook.com,8540
bestblackhatforum.com,1979
techcrunch.com,3837
techcrunch.com,3837
censor.net.ua,7908
correios.com.br,10957
olx.ua,11929
tunein.com,5776
filehippo.com,7642
emgn.com,2156
privatbank.ua,8151
189.cn,2113
cheezburger.com,2146
deadspin.com,3029
indianexpress.com,8000
distractify.com,2075
sourceforge.net,6904
espn.go.com,5889
correios.com.br,10957
zozo.jp,2068
cox.com,11603
abc.go.com,4243
serverfault.com,1594
udn.com,7844
motthegioi.vn,2726
kickass.to,4549
serverfault.com,1594
kakaku.com,8823
babal.net,1566
steamcommunity.com,4428
otomoto.pl,9199
thenextweb.com,2246
variety.com,5435
tobogo.net,1952
otomoto.pl,9199
seasonvar.ru,9475
prezi.com,9993
rocketnews24.com,1632
elcomercio.pe,7066
plarium.com,3759
torcache.net,1170
extratorrent.cc,11846
tobogo.net,1952
thechive.com,4963
medium.com,6653
fishki.net,9762
kienthuc.net.vn,3057
interpark.com,1178
fanpage.gr,1435
khabaronline.ir,6120
comicbook.com,8539
patch.com,10806
plarium.com,3719
wpengine.com,1598
torcache.net,1170
elitedaily.com,1932
mixi.jp,2406
techcrunch.com,3896
otomoto.pl,9202
mylust.com,6076
ringring.vn,1924
olx.ro,10518
smallseotools.com,4457
twitter.com,15368
nguyentandung.org,2078
olx.ro,10518
olx.pl,11486
babal.net,1566
wikiwiki.jp,2511
tobogo.net,1952
jalopnik.com,1352
onedio.com,3388
slashdot.org,4526
mic.com,1842
censor.net.ua,7908
otomoto.pl,9202
lifehacker.com,3380
digg.com,4892
evernote.com,4502
interpark.com,1178
kenh14.vn,7540
torcache.net,1170
kenh14.vn,7540
bdnews24.com,11710
sourceforge.net,6940
motthegioi.vn,2718
twitter.com,15362
bdnews24.com,11711
techcrunch.com,3837
sourceforge.net,6940
ecnavi.jp,1851
web.de,14927
paytm.com,5624
nesn.com,4500
emgn.com,2175
arstechnica.com,2877
censor.net.ua,7904
web.de,14928
jezebel.com,6416
kenh14.vn,7543
motthegioi.vn,2747
extratorrent.cc,11843
mediaset.it,3917
superuser.com,2045
thenextweb.com,2246
indianexpress.com,8009
bgr.com,3590
chaturbate.com,12359
medium.com,6651
mirtesen.ru,3493
indianexpress.com,8009
privatbank.ua,8176
wpengine.com,1607
kenh14.vn,7543
mylust.com,6075
olx.co.id,5987
noticias.uol.com.br,1146
metro.co.uk,10794
tobogo.net,1952
mic.com,1834
twitter.com,15362
zozo.jp,2045
icicibank.com,15134
extratorrent.cc,11843
sputniknews.com,5624
correios.com.br,11171
ap.org,2643
akhbarelyom.com,1657
bdnews24.com,11707
fanpage.gr,1468
slickdeals.net,8656
olx.ro,10517
thenextweb.com,2246
olx.co.id,5987
tunein.com,5775
twitter.com,15362
1337x.to,13927
censor.net.ua,7904
searchengineland.com,1439
interpark.com,1179
stackoverflow.com,9839
tinnhanh360.net,1305
kenh14.vn,7543
torcache.net,1185
serverfault.com,1594
interpark.com,1179
torrentdn.com,1500
tunein.com,5775
motthegioi.vn,2747
bdnews24.com,11707
sprint.com,8923
dantri.com.vn,11129
motthegioi.vn,2747
thenextweb.com,2246
extratorrent.cc,11843
extratorrent.cc,11843
1337x.to,13927
censor.net.ua,7904
stackoverflow.com,9839
olx.in,10133
mylust.com,6075
pikabu.ru,5218
maybank2u.com.my,8142
thenextweb.com,2246
distractify.com,2075
askubuntu.com,2536
interpark.com,1179
twitter.com,15362
sourceforge.net,6920
digg.com,4887
archive.org,14044
depositphotos.com,4647
extratorrent.cc,11843
ink361.com,2289
putlocker.is,9574
momoshop.com.tw,1921
ap.org,2643
twitter.com,15362
olx.ua,11931
serverfault.com,1594
torcache.net,1185
icicibank.com,15134
ap.org,2643
themeforest.net,4869
mic.com,1834
myspace.com,6541
espn.go.com,5947
extratorrent.cc,11846
censor.net.ua,7907
olx.ua,11928
sourceforge.net,6932
interpark.com,1179
torrentdn.com,1500
motthegioi.vn,2719
twitter.com,15362
askubuntu.com,2536
babal.net,1565
torrentdn.com,1500
olx.co.id,5985
thenextweb.com,2246
techcrunch.com,3838
babal.net,1565
distractify.com,2076
grantland.com,1785
allegro.pl,10024
otomoto.pl,9204
indianexpress.com,8005
css-tricks.com,1590
emgn.com,2188
torcache.net,1170
bigcinema.tv,4616
eksisozluk.com,4153
tobogo.net,1987
tobogo.net,1987
censor.net.ua,7907
abcnews.go.com,5578
buzzfil.net,2272
medium.com,6651
depositphotos.com,4641
twitter.com,15362
depositphotos.com,4641
allegro.pl,10024
digg.com,4904
kakaku.com,8833
skyrock.com,5895
bestblackhatforum.com,1954
udn.com,7835
likemag.com,900
kickass.to,4553
avxhome.se,2283
stackoverflow.com,9841
kienthuc.net.vn,3056
momoshop.com.tw,1902
hubpages.com,2973
diply.com,2921
dribbble.com,4120
nypost.com,7080
mic.com,1840
graphicriver.net,3234
bigcinema.tv,4616
extratorrent.cc,11840
interpark.com,1200
ecnavi.jp,1851
otomoto.pl,9206
tunein.com,5776
digg.com,4872
kotaku.com,3209
censor.net.ua,7910
buzzfil.net,2272
torcache.net,1170
mic.com,1840
babal.net,1565
haberler.com,11473
depositphotos.com,4637
medium.com,6652
nesn.com,4501
udn.com,7835
correios.com.br,11183
depositphotos.com,4637
olx.co.id,5986
mylust.com,6101
distractify.com,2132
tobogo.net,1952
gawker.com,2552
sberbank.ru,6786
bleacherreport.com,6913
paytm.com,5624
io9.com,2034
akhbarelyom.com,1657
udn.com,7852
megogo.net,3689
twitter.com,15363
distractify.com,2076
mic.com,1842
plarium.com,3716
jezebel.com,6402
twitter.com,15363
babal.net,1565
hollywoodlife.com,4190
emgn.com,2157
motthegioi.vn,2756
otomoto.pl,9204
torcache.net,1170
comicbook.com,8529
telegraf.com.ua,4164
nhs.uk,6291
eksisozluk.com,4142
atwiki.jp,1937
mic.com,1842
olx.ro,10518
mic.com,1842
motthegioi.vn,2756
bdnews24.com,11708
distractify.com,2076
qz.com,5257
olx.co.id,5989
xvideo-jp.com,2143
twitter.com,15363
perezhilton.com,3745
ap.org,2643
thenextweb.com,2246
babal.net,1565
distractify.com,2076
olx.co.id,5989
olx.co.id,5989
babal.net,1565
1337x.to,13930
twitter.com,15363
sourceforge.net,6905
olx.ro,10518
teespring.com,3519
abc.go.com,4244
skyrock.com,5912
sourceforge.net,6905
gizmodo.com,3544
sprint.com,8925
nesn.com,4501
distractify.com,2076
thenextweb.com,2246
olx.in,10133
diply.com,2921
tinnhanh360.net,1324
skyrock.com,5912
abc.go.com,4244
techcrunch.com,3838
indianexpress.com,7976
yourlust.com,4537
pornsharing.com,2271
noticias.uol.com.br,1146
olx.ua,11929
grantland.com,1785
thenextweb.com,2246
instagram.com,16451
torcache.net,1170
interpark.com,1199
kenh14.vn,7543
correios.com.br,11169
torcache.net,1170
distractify.com,2076
depositphotos.com,4641
bdnews24.com,11708
kickass.to,4554
momoshop.com.tw,1928
correios.com.br,11169
nesn.com,4501
jalopnik.com,1313
slickdeals.net,8647
perezhilton.com,3745
web.de,14929
stackoverflow.com,9844
motthegioi.vn,2756
medium.com,6650
ck101.com,1428
twitter.com,15363
udn.com,7852
teespring.com,3519
olx.ro,10518
ap.org,2643
buzzfil.net,2296
nesn.com,4501
tobogo.net,1952
indianexpress.com,7976
thenextweb.com,2246
stackoverflow.com,9844
interpark.com,1199
hubpages.com,2973
kenh14.vn,7543
thenextweb.com,2246
interpark.com,1199
unity3d.com,4917
distractify.com,2076
tunein.com,5792
1337x.to,13930
torcache.net,1170
elcomercio.pe,7065
cheezburger.com,2222
bdnews24.com,11708
plarium.com,3716
torcache.net,1170
paytm.com,5624
likemag.com,859
indianexpress.com,7976
mic.com,1842
indianexpress.com,7976
smallseotools.com,4467
bigcinema.tv,4616
bdnews24.com,11708
sfglobe.com,2040
torcache.net,1170
bdnews24.com,11708
thenextweb.com,2246
ap.org,2643
olx.ro,10518
gov.uk,13412
nguyentandung.org,2224
extratorrent.cc,11585
indianexpress.com,6969
haberler.com,11768
extratorrent.cc,11585
olx.co.id,6183
jezebel.com,4073
500px.com,2001
fanpage.gr,481
superuser.com,2215
extratorrent.cc,11585
torcache.net,1254
thenextweb.com,1336
caixa.gov.br,714
kenh14.vn,7352
steamcommunity.com,3460
nguyentandung.org,2224
bigcinema.tv,3558
venturebeat.com,2323
correios.com.br,10149
kenh14.vn,7352
soundcloud.com,13509
plarium.com,4244
arstechnica.com,2665
olx.co.id,6183
kickass.to,2452
indianexpress.com,6969
extratorrent.cc,11585
web.de,14921
mirtesen.ru,2498
icicibank.com,14876
torcache.net,1254
nypost.com,9934
thenextweb.com,1569
venturebeat.com,2323
rt.com,4755
bleacherreport.com,5627
wpengine.com,2915
udn.com,6432
censor.net.ua,8007
pikabu.ru,5130
olx.co.id,6183
nguyentandung.org,2224
xhamster.com,13942
distractify.com,2035
lifehacker.com,3677
atwiki.jp,2281
elitedaily.com,2452
ecnavi.jp,1782
momoshop.com.tw,1864
distractify.com,2035
elitedaily.com,2452
indianexpress.com,6969
metro.co.uk,11301
fanpage.gr,481
tune.pk,6241
censor.net.ua,8007
nypost.com,9853
techcrunch.com,3384
mic.com,1802
moviepilot.com,1744
mylust.com,5815
censor.net.ua,8007
udn.com,6432
variety.com,5341
bestblackhatforum.com,2096
extratorrent.cc,11585
onedio.com,3792
atwiki.jp,2281
xvideo-jp.com,2490
mirtesen.ru,2498
ap.org,1456
olx.co.id,6183
searchengineland.com,2023
distractify.com,2035
alfalfalfa.com,1799
bdnews24.com,11937
pornsharing.com,1710
torcache.net,1254
steamcommunity.com,3460
babal.net,2016
indianexpress.com,6969
fanpage.gr,481
momoshop.com.tw,1864
kienthuc.net.vn,3024
superuser.com,2215
tobogo.net,1331
katproxy.com,2163
hubpages.com,2335
distractify.com,2035
distractify.com,2035
torcache.net,1254
bdnews24.com,11937
superuser.com,2215
kienthuc.net.vn,3024
babal.net,2016
elcomercio.pe,7077
kakaku.com,7653
jalopnik.com,1432
censor.net.ua,8007
metro.co.uk,11301
serverfault.com,2282
plarium.com,4244
patch.com,10646
allegro.pl,10387
deadspin.com,2606
kenh14.vn,7352
thenextweb.com,1336
olx.pl,11506
buzzfil.net,2346
xhamster.com,13942
ecnavi.jp,1782
caixa.gov.br,714
mashable.com,3303
motthegioi.vn,1776
noticias.uol.com.br,1324
extratorrent.cc,11551
1337x.to,14007
megogo.net,6049
codecanyon.net,1584
mylust.com,5775
emgn.com,1865
torcache.net,853
coccoc.com,3864
censor.net.ua,8003
indianexpress.com,6971
motthegioi.vn,1776
thenextweb.com,2001
torcache.net,853
qz.com,4935
olx.ro,10638
getpocket.com,2944
wpengine.com,2915
worldoftanks.ru,4177
torcache.net,853
onedio.com,3754
patch.com,10635
metro.co.uk,11296
paytm.com,5464
digg.com,3675
extratorrent.cc,11551
thenextweb.com,2001
lifehacker.com,3544
motthegioi.vn,1776
babal.net,2016
motthegioi.vn,1776
paytm.com,5464
indianexpress.com,6971
fishki.net,9115
tinnhanh360.net,2127
medium.com,6676
tunein.com,4510
wikiwiki.jp,1543
pornsharing.com,1710
distractify.com,2035
babal.net,2016
variety.com,5347
nhs.uk,5408
bdnews24.com,11924
sberbank.ru,7233
maybank2u.com.my,7911
akhbarelyom.com,2449
eksisozluk.com,8141
superuser.com,2215
torcache.net,853
qz.com,4935
extratorrent.cc,11551
correios.com.br,10149
seesaawiki.jp,1414
anandtech.com,794
censor.net.ua,8003
distractify.com,2035
interpark.com,2434
likemag.com,1913
interpark.com,2434
slashdot.org,3336
extratorrent.cc,11551
allegro.pl,10389
bleacherreport.com,5617
xvideo-jp.com,2490
seasonvar.ru,9003
olx.ua,12338
moviepilot.com,1744
motthegioi.vn,1776
spankbang.com,14185
hdfcbank.com,14163
nguyentandung.org,2360
skyrock.com,4347
medium.com,6676
torcache.net,853
thenextweb.com,2001
distractify.com,2035
nesn.com,4098
dantri.com.vn,11139
kenh14.vn,7359
wordpress.org,14761
hdfcbank.com,14163
khabaronline.ir,5053
sourceforge.net,2854
mashable.com,3303
fanpage.gr,1510
torcache.net,853
interpark.com,2434
web.de,14923
conservativetribune.com,2165
medium.com,6676
pornsharing.com,1710
thenextweb.com,2001
espn.go.com,5917
babal.net,2016
cox.com,12029
lifehacker.com,3544
tunein.com,4510
udn.com,6355
iconosquare.com,1963
elitedaily.com,2452
qz.com,4935
babal.net,2016
extratorrent.cc,11551
olx.in,10134
allegro.pl,10389
bigcinema.tv,4329
interpark.com,2434
techcrunch.com,3385
buzzfil.net,2346
ap.org,2617
distractify.com,2035
indianexpress.com,6971
motthegioi.vn,1776
1337x.to,14007
atwiki.jp,2281
serverfault.com,1041
fanpage.gr,1510
avxhome.se,1920
twitter.com,15529
indianexpress.com,6971
duckduckgo.com,10011
babal.net,2016
xvideo-jp.com,2490
interpark.com,2434
myspace.com,6621
xossip.com,5144
espn.go.com,5917
elevenia.co.id,1745
nypost.com,9837
olx.co.id,6186
serverfault.com,1041
buzzfil.net,2346
cox.com,12029
ringring.vn,1991
venturebeat.com,2323
likemag.com,1913
abc.go.com,4036
hollywoodlife.com,3624
distractify.com,2035
maybank2u.com.my,7911
rt.com,4759
genius.com,11686
tobogo.net,1331
zozo.jp,2271
superuser.com,2215
fanpage.gr,1510
stackoverflow.com,10150
nesn.com,4098
fortune.com,5796
motthegioi.vn,1776
mirtesen.ru,3732
distractify.com,2035
privatbank.ua,7941
userscloud.com,3014
slashdot.org,3336
slashdot.org,3336
maybank2u.com.my,7911
tobogo.net,1331
torcache.net,853
serverfault.com,1041
mic.com,1806
wpengine.com,2915
ahrefs.com,3261
babal.net,2016
udn.com,6355
otomoto.pl,13184
interpark.com,2434
otomoto.pl,13184
extratorrent.cc,11551
metro.co.uk,11296
nymag.com,3555
grantland.com,1583
pikabu.ru,5085
syosetu.com,2270
mashable.com,3303
putlocker.is,9105
torcache.net,853
steamcommunity.com,3800
kienthuc.net.vn,1422
infospace.com,1803
cookpad.com,3754
otomoto.pl,13184
twitter.com,15529
codecanyon.net,1584
haberler.com,11759
sourceforge.net,2854
jezebel.com,4036
dantri.com.vn,11139
kakaku.com,7688
abc.go.com,4036
clien.net,2709
udn.com,6355
stackoverflow.com,10150
bdnews24.com,11924
taboola.com,3541
searchengineland.com,2023
depositphotos.com,3813
otomoto.pl,13184
icicibank.com,14908
torcache.net,853
irecommend.ru,5370
depositphotos.com,3813
plarium.com,3384
grantland.com,1583
thenextweb.com,2001
syosetu.com,2270
motthegioi.vn,1776
distractify.com,2035
tunein.com,4510
motthegioi.vn,1776
slashdot.org,3336
deadspin.com,2606
sfglobe.com,2739
mylust.com,5775
distractify.com,2035
techcrunch.com,3385
kakaku.com,7688
babal.net,2016
qz.com,4935
distractify.com,2035
teespring.com,3404
kenh14.vn,7359
kakaku.com,7688
aljazeera.net,10839
motthegioi.vn,1776
torcache.net,853
plarium.com,3384
torcache.net,853
tinnhanh360.net,2127
mixi.jp,1425
nesn.com,4098
b9dm.com,2643
olx.ro,10638
plarium.com,3384
teespring.com,3404
mixi.jp,1425
censor.net.ua,8003
aljazeera.net,10839
steamcommunity.com,3800
perezhilton.com,2987
distractify.com,2035
ap.org,2617
lifehacker.com,3544
dantri.com.vn,11139
searchengineland.com,2023
tunein.com,4510
correios.com.br,10149
babal.net,2016
kenh14.vn,7359
extratorrent.cc,11551
babal.net,2016
xvideo-jp.com,2490
tune.pk,6240
grantland.com,1583
gawker.com,2433
uproxx.com,869
olx.co.id,6186
motthegioi.vn,1776
aljazeera.net,10839
motthegioi.vn,1776
thechive.com,6280
techcrunch.com,3385
oneplus.net,2475
twitter.com,15529
sourceforge.net,2854
sourceforge.net,2854
correios.com.br,10149
mashable.com,3303
grantland.com,1583
tobogo.net,1331
plarium.com,3384
twitter.com,15529
akhbarelyom.com,2449
kenh14.vn,7359
mylust.com,5775
genius.com,11686
tsite.jp,2206
interpark.com,2434
distractify.com,2035
kenh14.vn,7359
privatbank.ua,7920
olx.ro,10647
correios.com.br,10176
depositphotos.com,2285
depositphotos.com,2285
mylust.com,5775
tunein.com,2006
interpark.com,2434
distractify.com,2035
twitter.com,15529
hollywoodlife.com,3897
torcache.net,679
ecnavi.jp,1782
askubuntu.com,2390
uproxx.com,830
tinnhanh360.net,2127
allrecipes.com,11191
torcache.net,679
interpark.com,2434
torcache.net,679
rt.com,4758
udn.com,6394
pitchfork.com,3112
unity3d.com,3259
udn.com,6394
motthegioi.vn,1754
motthegioi.vn,1754
allegro.pl,10394
hdfcbank.com,14148
ringring.vn,1991
thenextweb.com,1512
abcnews.go.com,3663
mylust.com,5775
olx.ua,12356
syosetu.com,2270
mic.com,1802
indianexpress.com,6960
kienthuc.net.vn,3010
kienthuc.net.vn,3010
putlocker.is,9112
thenextweb.com,1512
tunein.com,2006
torrentdn.com,1703
nesn.com,4089
torcache.net,679
correios.com.br,10176
sourceforge.net,5765
emgn.com,1865
udn.com,6394
seekingalpha.com,3935
interpark.com,2434
arstechnica.com,2634
kenh14.vn,7353
themeforest.net,3019
medium.com,6672
tinnhanh360.net,2127
lastpass.com,7603
sfglobe.com,2701
motthegioi.vn,1754
kakaku.com,7657
tune.pk,6240
kakaku.com,7657
olx.ro,10647
noticias.uol.com.br,1866
olx.ro,10647
eksisozluk.com,8164
twitter.com,15529
nymag.com,3500
udn.com,6394
indianexpress.com,6960
torcache.net,679
mylust.com,5775
olx.co.id,6186
babal.net,2016
xvideo-jp.com,2490
mashable.com,1254
web.de,14923
qz.com,4921
dantri.com.vn,11140
bongda88.info,2353
torcache.net,679
hubpages.com,2335
torcache.net,679
olx.co.id,6186
stackoverflow.com,10149
torcache.net,679
stackexchange.com,1738
9gag.tv,689
fishki.net,9108
depositphotos.com,2285
nesn.com,4089
qz.com,4921
tobogo.net,489
katproxy.com,2216
seekingalpha.com,3935
slashdot.org,3360
interpark.com,2434
getpocket.com,2944
teespring.com,3403
motthegioi.vn,1754
pornsharing.com,1728
torcache.net,679
akhbarelyom.com,1499
distractify.com,2035
fortune.com,5829
kakaku.com,7657
olx.in,10141
persianblog.ir,2090
smallseotools.com,2640
codecanyon.net,3075
censor.net.ua,8006
askubuntu.com,2390
interpark.com,2434
allegro.pl,10394
torcache.net,679
plarium.com,3419
1337x.to,14020
eksisozluk.com,8168
web.tv,4123
hdfcbank.com,14307
sberbank.ru,7238
indianexpress.com,6964
nypost.com,9833
emgn.com,1866
gawker.com,877
torcache.net,677
mylust.com,5775
tune.pk,6243
icicibank.com,14929
katproxy.com,2196
interpark.com,2435
torcache.net,677
olx.ua,12362
gizmodo.com,4036
torcache.net,677
kotaku.com,4651
twitter.com,15533
depositphotos.com,2278
superuser.com,2216
nypost.com,9833
extratorrent.cc,11556
torcache.net,677
depositphotos.com,2278
ecnavi.jp,1783
pikabu.ru,5089
buzzfil.net,1150
torcache.net,677
nypost.com,9833
superuser.com,2216
ink361.com,2357
thechive.com,6658
mic.com,1802
esporte.uol.com.br,2126
olx.ua,12362
twitter.com,15533
udn.com,6395
olx.pl,11505
fazenda.gov.br,5279
kenh14.vn,7354
torcache.net,677
askubuntu.com,2390
babal.net,2015
variety.com,3486
emgn.com,1866
mashable.com,1253
emgn.com,1866
kenh14.vn,7354
motthegioi.vn,1757
olx.in,10143
hollywoodlife.com,3897
medium.com,6676
twitter.com,15533
kenh14.vn,7354
1337x.to,14020
mylust.com,5775
themeforest.net,3014
irecommend.ru,5406
nesn.com,4090
motthegioi.vn,1757
moviepilot.com,1791
kakaku.com,7660
olx.ua,12362
web.de,14925
extratorrent.cc,11556
olx.ro,10655
bongda88.info,2354
extratorrent.cc,11556
twitter.com,15533
olx.co.id,6188
pitchfork.com,3131
variety.com,3486
interpark.com,2435
allrecipes.com,11256
css-tricks.com,1629
syosetu.com,510
io9.com,2538
olx.co.id,6188
mic.com,1802
thenextweb.com,1984
olx.ua,12362
distractify.com,477
sberbank.ru,7238
babal.net,2015
udn.com,6395
mentalfloss.com,1321
momoshop.com.tw,1864
correios.com.br,10182
mediaset.it,6817
tobogo.net,486
tobogo.net,486
torcache.net,677
onedio.com,3806
teespring.com,3404
pikabu.ru,5089
codecanyon.net,3077
say-move.org,2504
perezhilton.com,2944
digg.com,3087
ap.org,2721
9gag.tv,686
fanpage.gr,1505
thenextweb.com,1984
stackoverflow.com,10151
serverfault.com,2284
otomoto.pl,13189
olx.ro,10655
tunein.com,5193
udn.com,6395
udn.com,6395
motthegioi.vn,1757
arstechnica.com,2634
udn.com,6395
pornsharing.com,1728
techcrunch.com,2701
nypost.com,9833
elitedaily.com,2454
uproxx.com,830
techcrunch.com,2701
irecommend.ru,5406
how-old.net,5681
xvideo-jp.com,2493
bleacherreport.com,5611
grantland.com,1498
superuser.com,2216
depositphotos.com,2278
tobogo.net,486
evernote.com,2920
thenextweb.com,1984
torcache.net,677
twitter.com,15533
zozo.jp,2321
codecanyon.net,3077
extratorrent.cc,11556
fanpage.gr,1505
torcache.net,677
css-tricks.com,1629
motthegioi.vn,1757
torcache.net,677
hdfcbank.com,14307
tinnhanh360.net,2128
twitter.com,15533
motthegioi.vn,1757
kickass.to,4861
mylust.com,5775
twitter.com,15533
espn.go.com,5923
bigcinema.tv,4329
aljazeera.net,10881
thechive.com,6658
megogo.net,6152
pikabu.ru,5089
icicibank.com,14929
extratorrent.cc,11556
torcache.net,677
udn.com,6395
moviepilot.com,1791
noticias.uol.com.br,1867
mixi.jp,1426
medium.com,6676
icicibank.com,14929
tune.pk,6243
tune.pk,6243
tunein.com,5193
hollywoodlife.com,3897
babal.net,2015
kakaku.com,7660
web.de,14925
elitedaily.com,2454
torcache.net,677
olx.ua,12362
ap.org,2721
variety.com,3486
1337x.to,14020
smallseotools.com,2808
wikiwiki.jp,627
ringring.vn,2046
buzzfil.net,1150
wpengine.com,2918
persianblog.ir,557
tobogo.net,486
interpark.com,2435
torcache.net,1197
lifehacker.com,3650
nypost.com,9833
emgn.com,1866
thenextweb.com,1984
extratorrent.cc,11556
bdnews24.com,11888
extratorrent.cc,11556
mylust.com,5786
indianexpress.com,7035
distractify.com,477
rt.com,4752
twitter.com,15536
xossip.com,5145
smallseotools.com,2808
indianexpress.com,7035
ringring.vn,2046
torcache.net,1197
1337x.to,14020
otomoto.pl,13189
bdnews24.com,11888
interpark.com,2435
thenextweb.com,1984
thechive.com,6658
medium.com,6676
thechive.com,6658
motthegioi.vn,1757
espn.go.com,5923
olx.ua,12351
extratorrent.cc,11556
mirtesen.ru,3751
thenextweb.com,1984
elitedaily.com,2454
teespring.com,3404
ahrefs.com,3212
tobogo.net,486
diply.com,3398
momoshop.com.tw,1864
plarium.com,4302
deadspin.com,2606
pitchfork.com,3131
h2porn.com,598
kienthuc.net.vn,2877
fanpage.gr,1490
babal.net,2036
thenextweb.com,1778
babal.net,2036
mic.com,1812
jalopnik.com,1099
himado.in,1930
rt.com,4760
auto.ru,13885
wikimapia.org,5561
correios.com.br,10174
distractify.com,2054
distractify.com,2054
otomoto.pl,13176
torcache.net,1626
extratorrent.cc,11562
correios.com.br,10174
b9dm.com,2647
elcomercio.pe,7082
techcrunch.com,3401
tobogo.net,1332
tinnhanh360.net,2189
techcrunch.com,3401
torcache.net,1626
distractify.com,2054
metro.co.uk,11376
bluegape.com,2085
correios.com.br,10174
twitter.com,15535
rocketnews24.com,2195
kotaku.com,4651
hubpages.com,2336
babal.net,2036
sourceforge.net,3103
superuser.com,2216
kenh14.vn,7357
arstechnica.com,2652
quizlet.com,7946
dantri.com.vn,11157
torcache.net,1626
tune.pk,6243
nesn.com,4097
ecnavi.jp,1783
vnexpress.net,7245
vnexpress.net,7245
emgn.com,1953
distractify.com,2054
privatbank.ua,7939
digg.com,4717
bdnews24.com,11874
codecanyon.net,3097
sberbank.ru,7233
torcache.net,1626
thenextweb.com,1778
torcache.net,1626
babal.net,2036
ringring.vn,2015
espn.go.com,5922
myegy.to,2343
steamcommunity.com,3829
allegro.pl,10387
kenh14.vn,7357
techcrunch.com,3401
akhbarelyom.com,2452
medium.com,6690
kakaku.com,7660
motthegioi.vn,1757
medium.com,6690
fanpage.gr,1490
thenextweb.com,1778
tobogo.net,1332
otomoto.pl,13176
emgn.com,1953
variety.com,5369
udn.com,6456
caixa.gov.br,714
olx.ua,12347
nypost.com,9839
otomoto.pl,13176
web.de,14926
nguyentandung.org,2224
thechive.com,6674
babal.net,2036
elitedaily.com,2454
tunein.com,5193
findagrave.com,12322
caixa.gov.br,714
olx.ro,10652
techcrunch.com,3401
onedio.com,3761
bleacherreport.com,5687
bestblackhatforum.com,2096
torcache.net,1626
techcrunch.com,3401
bigcinema.tv,4357
distractify.com,2054
slickdeals.net,7856
distractify.com,2054
nymag.com,3469
depositphotos.com,1499
babal.net,2036
thenextweb.com,1778
torcache.net,1626
cox.com,12042
babal.net,2036
thenextweb.com,1778
akhbarelyom.com,2452
thenextweb.com,1778
icicibank.com,14921
lastpass.com,7638
thenextweb.com,1778
aljazeera.net,10887
metro.co.uk,11376
aljazeera.net,10887
espn.go.com,5922
torcache.net,1626
pikabu.ru,5119
otomoto.pl,13176
medium.com,6690
icicibank.com,14921
nypost.com,9839
distractify.com,2054
allegro.pl,10387
sprint.com,8926
mylust.com,5775
elitedaily.com,2454
extratorrent.cc,11562
mic.com,1812
uproxx.com,825
katproxy.com,1479
nypost.com,9839
momoshop.com.tw,1882
nesn.com,4097
motthegioi.vn,1757
pornsharing.com,1710
thenextweb.com,1778
motthegioi.vn,1757
torcache.net,1626
serverfault.com,2284
telegraf.com.ua,2469
mylust.com,5775
extratorrent.cc,11562
sourceforge.net,3103
thenextweb.com,1778
mylust.com,5775
babal.net,2036
gawker.com,1425
babal.net,2036
searchengineland.com,2023
buzzfil.net,2348
distractify.com,2054
maybank2u.com.my,7924
espn.go.com,5922
dribbble.com,3920
jalopnik.com,1099
web.de,14926
nesn.com,4097
variety.com,5369
correios.com.br,10174
vnexpress.net,7245
elitedaily.com,2454
distractify.com,2054
kenh14.vn,7357
icicibank.com,14921
motthegioi.vn,1757
gov.uk,13411
olx.co.id,6189
twitter.com,15535
web.tv,4142
sourceforge.net,3103
torcache.net,1626
emgn.com,1953
aljazeera.net,10887
olx.ua,12347
1337x.to,14019
correios.com.br,10174
interpark.com,2435
correios.com.br,10174
indianexpress.com,4903
mashable.com,3266
twitter.com,15535
olx.co.id,6189
tobogo.net,1332
thenextweb.com,1767
steamcommunity.com,3829
rt.com,4760
distractify.com,2054
motthegioi.vn,1757
getpocket.com,2947
nesn.com,4097
udn.com,6456
interpark.com,2435
olx.co.id,6189
thenextweb.com,1767
mylust.com,5775
mylust.com,5775
sfglobe.com,1633
bigcinema.tv,4357
torcache.net,1626
katproxy.com,1479
tunein.com,5193
dealnews.com,4555
espn.go.com,5922
zozo.jp,2250
fazenda.gov.br,5259
nguyentandung.org,2224
variety.com,5369
medium.com,6690
pornsharing.com,1710
thenextweb.com,1767
prezi.com,9631
codecanyon.net,3097
themeforest.net,5331
twitter.com,15535
tinnhanh360.net,2189
mediaset.it,6816
thenextweb.com,1767
olx.ro,10652
twitter.com,15535
telegraf.com.ua,2469
wikimapia.org,5561
stackoverflow.com,10131
emgn.com,1953
tobogo.net,1332
buzzfil.net,2348
fortune.com,5801
elitedaily.com,2454
olx.ro,10652
correios.com.br,10174
thenextweb.com,1767
variety.com,5369
ck101.com,2239
wikiwiki.jp,1246
steamcommunity.com,3829
censor.net.ua,8016
twitter.com,15535
tunein.com,5193
kenh14.vn,7357
udn.com,6456
ecnavi.jp,1783
pornsharing.com,1710
wikiwiki.jp,1246
noticias.uol.com.br,1867
twitter.com,15535
ecnavi.jp,1783
metro.co.uk,11377
superuser.com,2216
hollywoodlife.com,3897
emgn.com,1953
kakaku.com,7660
189.cn,1758
allegro.pl,10387
maybank2u.com.my,7924
kienthuc.net.vn,2849
atwiki.jp,1726
kenh14.vn,7357
depositphotos.com,1499
emgn.com,1953
udn.com,6456
ap.org,2618
kakaku.com,7660
distractify.com,2054
olx.in,10148
extratorrent.cc,11562
sourceforge.net,3082
xossip.com,5146
mic.com,1813
gov.uk,13411
syosetu.com,2303
hubpages.com,2336
correios.com.br,10174
tobogo.net,1332
udn.com,6456
deadspin.com,2621
superuser.com,2216
twitter.com,15535
patch.com,10655
2gis.ru,6662
kenh14.vn,7357
twitter.com,15535
xvideo-jp.com,2493
babal.net,2036
nesn.com,4097
atwiki.jp,1726
olx.co.id,6189
skyrock.com,4341
gizmodo.com,4036
olx.in,10148
mylust.com,5775
serverfault.com,2284
kenh14.vn,7357
gov.uk,13411
codecanyon.net,3097
extratorrent.cc,11562
mangafox.me,3289
tobogo.net,1332
persianblog.ir,2028
nguyentandung.org,2224
stackoverflow.com,10131
tobogo.net,1332
ringring.vn,2015
myspace.com,6619
kenh14.vn,7357
icicibank.com,14921
babal.net,2036
nesn.com,4097
grantland.com,1607
bleacherreport.com,5687
searchengineland.com,2023
uproxx.com,825
olx.co.id,6189
thenextweb.com,1767
steamcommunity.com,3829
correios.com.br,10174
metro.co.uk,11377
kienthuc.net.vn,2849
maybank2u.com.my,7924
maybank2u.com.my,7924
udn.com,6456
censor.net.ua,8016
metro.co.uk,11377
babal.net,2036
myspace.com,6619
twitter.com,15535
buffer.com,4461
mashable.com,3266
buzzfil.net,2348
torcache.net,1626
torcache.net,1626
fazenda.gov.br,5259
metro.co.uk,11377
dantri.com.vn,11158
extratorrent.cc,11562
momoshop.com.tw,1882
ringring.vn,2015
twitter.com,15535
web.tv,4142
olx.ua,12347
twitter.com,15535
interpark.com,2435
pchome.com.tw,2328
mic.com,1813
mic.com,1813
sfglobe.com,1633
motthegioi.vn,1757
allegro.pl,10387
xhamster.com,13953
nguyentandung.org,2224
jezebel.com,4063
espn.go.com,5922
buzzfil.net,2348
techcrunch.com,3401
extratorrent.cc,11562
themeforest.net,5331
allrecipes.com,11259
hubpages.com,2336
interpark.com,2435
perezhilton.com,2940
smallseotools.com,3858
distractify.com,2054
mixi.jp,1426
buzzfil.net,2348
olx.ro,10652
kienthuc.net.vn,2849
motthegioi.vn,1757
otomoto.pl,13176
syosetu.com,2303
cheezburger.com,2780
elitedaily.com,2454
babal.net,2036
twitter.com,15535
motthegioi.vn,1757
thenextweb.com,1767
buzzfil.net,2348
thenextweb.com,1767
plarium.com,4245
motthegioi.vn,1757
extratorrent.cc,11562
nymag.com,3469
censor.net.ua,8016
emgn.com,1953
uproxx.com,825
tinnhanh360.net,2189
tunein.com,5193
privatbank.ua,7939
interpark.com,2435
torcache.net,1626
bdnews24.com,11874
digg.com,4717
nypost.com,9839
techcrunch.com,3401
distractify.com,2054
distractify.com,2054
500px.com,4691
1337x.to,14019
plarium.com,4245
privatbank.ua,7939
variety.com,5369
hollywoodlife.com,3897
xhamster.com,13953
momoshop.com.tw,1882
indianexpress.com,4903
thenextweb.com,1767
aljazeera.net,10887
extratorrent.cc,11562
filehippo.com,7988
superuser.com,2216
emgn.com,1953
zozo.jp,2250
distractify.com,2054
udn.com,6456
tinnhanh360.net,2189
olx.ro,10660
metro.co.uk,11360
thenextweb.com,2086
duckduckgo.com,9995
syosetu.com,2287
babal.net,2111
qz.com,4920
bdnews24.com,11875
web.tv,4070
otomoto.pl,13235
sfglobe.com,2262
dribbble.com,4074
interpark.com,2700
twitter.com,15538
bigcinema.tv,4288
seekingalpha.com,1492
kotaku.com,4623
themeforest.net,5354
tinnhanh360.net,2110
superuser.com,574
pitchfork.com,3036
kenh14.vn,7364
elitedaily.com,2581
kakaku.com,9352
correios.com.br,10198
uproxx.com,865
torcache.net,895
bestblackhatforum.com,2099
codecanyon.net,2912
squarespace.com,10507
codecanyon.net,2949
cookpad.com,3712
qz.com,4833
fishki.net,9184
mylust.com,6348
nguyentandung.org,2216
aljazeera.net,10456
kakaku.com,9406
moviepilot.com,1642
digg.com,5078
tobogo.net,1401
twitter.com,15538
nypost.com,9850
tobogo.net,1415
babal.net,1999
mic.com,1682
tobogo.net,1401
rt.com,4725
telegraf.com.ua,4164
nypost.com,6344
tobogo.net,1487
thenextweb.com,2074
bitbucket.org,6033
interpark.com,1237
nesn.com,4299
otomoto.pl,9566
distractify.com,2039
medium.com,6694
uproxx.com,956
extratorrent.cc,11839
babal.net,1702
torrentdn.com,1583
syosetu.com,2094
plarium.com,3725
thenextweb.com,2074
fishki.net,9623
nypost.com,6344
censor.net.ua,7925
extratorrent.cc,11839
bestblackhatforum.com,1986
emgn.com,2256
indianexpress.com,8096
venturebeat.com,1860
indianexpress.com,8096
syosetu.com,2094
indianexpress.com,8096
nguyentandung.org,2201
xvideo-jp.com,2159
extratorrent.cc,11839
ahrefs.com,3261
distractify.com,2039
techcrunch.com,2296
motthegioi.vn,2672
babal.net,1702
cheezburger.com,2448
olx.co.id,5120
xvideo-jp.com,2159
bdnews24.com,11617
nypost.com,6344
cheezburger.com,2448
dantri.com.vn,11129
otomoto.pl,9566
torcache.net,1300
steamcommunity.com,5654
tunein.com,5669
depositphotos.com,4178
extratorrent.cc,11839
slashdot.org,4743
abc.go.com,4188
extratorrent.cc,11839
fanpage.gr,1299
thechive.com,4369
hubpages.com,2896
nesn.com,4299
pornsharing.com,2476
thenextweb.com,2074
web.de,14799
depositphotos.com,4178
1337x.to,13913
sfglobe.com,1964
pornsharing.com,2476
dribbble.com,5241
superuser.com,2041
distractify.com,2039
metro.co.uk,10798
udn.com,7851
pikabu.ru,5181
distractify.com,2039
extratorrent.cc,11839
getpocket.com,2632
deadspin.com,2712
twitter.com,15444
udn.com,7851
kakaku.com,8778
kenh14.vn,7582
seasonvar.ru,9108
unity3d.com,4917
techcrunch.com,2296
allegro.pl,10160
distractify.com,2039
torcache.net,1300
techcrunch.com,2296
sfglobe.com,1964
twitter.com,15444
genius.com,12013
motthegioi.vn,2672
mirtesen.ru,3408
twitter.com,15444
extratorrent.cc,11839
udn.com,7851
torcache.net,1300
seasonvar.ru,9108
mic.com,1729
mylust.com,6087
motthegioi.vn,2672
getpocket.com,2632
twitter.com,15444
extratorrent.cc,11839
techcrunch.com,2296
torcache.net,1300
katproxy.com,1536
putlocker.is,9558
arstechnica.com,2645
zozo.jp,2545
thenextweb.com,2074
serverfault.com,1335
torcache.net,1300
venturebeat.com,1860
extratorrent.cc,11839
gizmodo.com,3423
emgn.com,2256
privatbank.ua,9246
depositphotos.com,4178
xhamster.com,13827
torcache.net,1300
depositphotos.com,4178
otomoto.pl,9566
babal.net,1702
uproxx.com,956
paytm.com,5639
thechive.com,4369
thenextweb.com,2074
fazenda.gov.br,5631
distractify.com,2039
emgn.com,2256
mylust.com,6087
torcache.net,1300
perezhilton.com,2185
motthegioi.vn,2672
interpark.com,1237
babal.net,1702
torcache.net,1300
twitter.com,15444
onedio.com,3388
interpark.com,1237
udn.com,7851
elitedaily.com,2403
torcache.net,1300
plarium.com,3725
techcrunch.com,2296
extratorrent.cc,11839
torrentdn.com,1583
nguyentandung.org,2201
mashable.com,2576
motthegioi.vn,2672
thenextweb.com,2074
sberbank.ru,6611
plarium.com,3725
searchengineland.com,1556
uproxx.com,956
twitter.com,15444
akhbarelyom.com,1743
katproxy.com,1536
censor.net.ua,7925
babal.net,1702
squarespace.com,10507
motthegioi.vn,2672
themeforest.net,5633
depositphotos.com,4178
serverfault.com,1335
ap.org,2649
kickass.to,4594
fortune.com,5652
wikiwiki.jp,2286
akhbarelyom.com,1743
pornsharing.com,2476
plarium.com,3725
variety.com,4543
metro.co.uk,10798
nhs.uk,6310
jezebel.com,6351
hollywoodlife.com,4269
diply.com,2804
skyrock.com,6584
seekingalpha.com,3529
steamcommunity.com,5654
distractify.com,2039
espn.go.com,5903
megogo.net,3635
torcache.net,1300
mic.com,1729
distractify.com,2039
depositphotos.com,4178
twitter.com,15444
olx.ro,10485
techcrunch.com,2296
correios.com.br,10972
putlocker.is,9558
allegro.pl,10160
conservativetribune.com,2165
motthegioi.vn,2672
thenextweb.com,2074
chaturbate.com,12359
extratorrent.cc,11839
twitter.com,15444
rocketnews24.com,1789
askubuntu.com,1712
censor.net.ua,7925
torcache.net,1300
techcrunch.com,2296
mashable.com,2576
gov.uk,4881
distractify.com,2039
depositphotos.com,4178
quizlet.com,7924
olx.co.id,5120
codecanyon.net,3824
censor.net.ua,7925
torcache.net,1300
sfglobe.com,1964
udn.com,7851
mashable.com,2576
mylust.com,6087
screenrant.com,3777
clien.net,2709
babal.net,1702
tunein.com,5669
medium.com,6694
plarium.com,3725
thenextweb.com,2074
techcrunch.com,2296
mixi.jp,2395
bdnews24.com,11617
tobogo.net,1487
lifehacker.com,3268
censor.net.ua,7925
mic.com,1729
akhbarelyom.com,1743
serverfault.com,1335
babal.net,1702
perezhilton.com,2185
allrecipes.com,11815
tsite.jp,2206
tobogo.net,1487
indianexpress.com,8096
sourceforge.net,6969
icicibank.com,15140
ringring.vn,1830
kenh14.vn,7582
getpocket.com,2632
hollywoodlife.com,4269
hubpages.com,2896
thenextweb.com,2074
allrecipes.com,11815
thenextweb.com,2074
olx.in,9983
tinnhanh360.net,1254
emgn.com,2256
atwiki.jp,1746
elitedaily.com,2403
slashdot.org,4743
plarium.com,3725
kakaku.com,8778
udn.com,7851
depositphotos.com,4178
syosetu.com,2094
extratorrent.cc,11839
caixa.gov.br,695
motthegioi.vn,2672
censor.net.ua,7925
babal.net,1702
xhamster.com,13827
quizlet.com,7924
interpark.com,1237
pitchfork.com,4458
mic.com,1729
nguyentandung.org,2201
themeforest.net,5633
twitter.com,15444
gizmodo.com,3423
udn.com,7851
censor.net.ua,7925
elitedaily.com,2403
indianexpress.com,8096
deadspin.com,2712
distractify.com,2039
sourceforge.net,6969
venturebeat.com,1860
indianexpress.com,8096
atwiki.jp,1746
fanpage.gr,1299
digg.com,5113
nguyentandung.org,2201
xvideo-jp.com,2159
olx.ua,12001
grantland.com,1778
icicibank.com,15140
kenh14.vn,7582
medium.com,6694
momoshop.com.tw,1963
depositphotos.com,4178
twitter.com,15444
bigcinema.tv,4616
metro.co.uk,10798
interpark.com,1237
wikiwiki.jp,2286
rt.com,4725
thenextweb.com,2074
variety.com,4543
olx.ua,12001
torcache.net,1300
kenh14.vn,7582
bestblackhatforum.com,1986
dropbooks.tv,1536
thenextweb.com,2074
searchengineland.com,1556
thechive.com,4369
serverfault.com,1335
pikabu.ru,5181
emgn.com,2256
distractify.com,2039
kenh14.vn,7582
otomoto.pl,9566
grantland.com,1778
extratorrent.cc,11839
grantland.com,1778
plarium.com,3725
techcrunch.com,2296
thenextweb.com,2074
megogo.net,3635
udn.com,7851
extratorrent.cc,11839
thenextweb.com,2074
censor.net.ua,7925
otomoto.pl,9566
plarium.com,3725
nesn.com,4299
bluegape.com,2085
seesaawiki.jp,1946
superuser.com,2041
fanpage.gr,1299
otomoto.pl,9566
nesn.com,4299
myspace.com,6451
babal.net,1702
metro.co.uk,10798
aljazeera.net,11551
plarium.com,3725
stackoverflow.com,8830
buzzfil.net,2458
olx.ua,12001
maybank2u.com.my,8060
mic.com,1729
extratorrent.cc,11839
jalopnik.com,1261
medium.com,6694
olx.co.id,5120
olx.ro,10485
thenextweb.com,2074
plarium.com,3725
thenextweb.com,2074
kenh14.vn,7582
torcache.net,1300
pornsharing.com,2476
extratorrent.cc,11839
perezhilton.com,2185
bestblackhatforum.com,1986
twitter.com,15444
superuser.com,2041
olx.ua,12001
tune.pk,6279
olx.in,9983
emgn.com,2256
hollywoodlife.com,4269
distractify.com,2039
extratorrent.cc,11839
twitter.com,15444
elwatannews.com,2487
depositphotos.com,4178
tinnhanh360.net,1254
patch.com,10876
khabaronline.ir,6323
extratorrent.cc,11839
smallseotools.com,4168
allegro.pl,10160
kenh14.vn,7582
correios.com.br,10972
pitchfork.com,4458
buzzfil.net,2458
grantland.com,1778
qz.com,4950
fanpage.gr,1299
variety.com,4543
gov.uk,4881
zozo.jp,2545
techcrunch.com,2296
hollywoodlife.com,4269
babal.net,1702
genius.com,12013
emgn.com,2256
genius.com,12013
kdnet.net,2720
lifehacker.com,3268
mylust.com,6087
distractify.com,2039
techcrunch.com,2296
superuser.com,2041
thenextweb.com,2074
hollywoodlife.com,4269
twitter.com,15444
sourceforge.net,6969
twitter.com,15444
xhamster.com,13827
qz.com,4950
torcache.net,1300
skyrock.com,6584
web.de,14799
maybank2u.com.my,8060
distractify.com,2039
mic.com,1729
thechive.com,4369
babal.net,1702
medium.com,6694
olx.ua,12001
twitter.com,15444
correios.com.br,10972
udn.com,7851
cheezburger.com,2448
mic.com,1729
gov.uk,4872
fanpage.gr,1299
censor.net.ua,7925
mic.com,1729
archive.org,14336
mashable.com,2576
grantland.com,1778
variety.com,4543
diply.com,2804
jezebel.com,6351
web.de,14799
cheezburger.com,2448
distractify.com,2039
prezi.com,9977
seesaawiki.jp,1946
ap.org,2649
extratorrent.cc,11839
motthegioi.vn,2672
interpark.com,1237
buzzfil.net,2458
yourlust.com,4644
torcache.net,1300
olx.ro,10485
indianexpress.com,8096
udn.com,7851
superuser.com,2041
depositphotos.com,4178
putlocker.is,9558
espn.go.com,5903
babal.net,1702
emgn.com,2256
ap.org,2649
otomoto.pl,9566
buzzfil.net,2458
olx.in,9983
ink361.com,2139
nesn.com,4299
wpengine.com,1717
noticias.uol.com.br,1148
noticias.uol.com.br,1148
mylust.com,6087
bigcinema.tv,4616
bdnews24.com,11617
mic.com,1729
themeforest.net,5633
lifehacker.com,3268
fishki.net,9623
tobogo.net,1487
ringring.vn,1830
9gag.tv,1610
tunein.com,5669
searchengineland.com,1556
thenextweb.com,2074
torcache.net,1300
twitter.com,15444
bestblackhatforum.com,1986
xvideo-jp.com,2159
bdnews24.com,11617
medium.com,6694
syosetu.com,2094
mic.com,1729
elitedaily.com,2403
duckduckgo.com,10011
torcache.net,1300
katproxy.com,1536
hdfcbank.com,13371
hubpages.com,2896
censor.net.ua,7925
hollywoodlife.com,4269
venturebeat.com,1860
emgn.com,2256
bdnews24.com,11617
atwiki.jp,1746
getpocket.com,2632
bdnews24.com,11617
nypost.com,6344
elevenia.co.id,1745
bestblackhatforum.com,1986
web.de,14799
censor.net.ua,7925
emgn.com,2256
kickass.to,4594
bigcinema.tv,4616
extratorrent.cc,11839
cheezburger.com,2448
icicibank.com,15140
smallseotools.com,4168
akhbarelyom.com,1743
mic.com,1729
plarium.com,3725
mic.com,1729
wikiwiki.jp,2286
mylust.com,6087
comicbook.com,8471
censor.net.ua,7925
distractify.com,2039
genius.com,12013
tinnhanh360.net,1254
allegro.pl,10160
thechive.com,4369
udn.com,7851
babal.net,1702
thechive.com,4369
otomoto.pl,9566
qz.com,4950
interpark.com,1237
bigcinema.tv,4616
sourceforge.net,6969
twitter.com,15444
mic.com,1729
noticias.uol.com.br,1148
torrentdn.com,1583
ecnavi.jp,1781
nguyentandung.org,2201
pikabu.ru,5181
mylust.com,6087
thenextweb.com,2074
putlocker.is,9558
babal.net,1702
pikabu.ru,5181
babal.net,1702
xvideo-jp.com,2159
elitedaily.com,2403
katproxy.com,1536
extratorrent.cc,11839
web.de,14799
kenh14.vn,7582
torrentdn.com,1583
mylust.com,6087
hollywoodlife.com,4269
tobogo.net,1487
thenextweb.com,2074
twitter.com,15444
metro.co.uk,10798
spankbang.com,14185
sourceforge.net,6969
techcrunch.com,2296
extratorrent.cc,11839
fortune.com,5652
hollywoodlife.com,4269
otomoto.pl,9566
graphicriver.net,3234
nguyentandung.org,2201
cheezburger.com,2448
aljazeera.net,11551
mic.com,1729
rt.com,4725
distractify.com,2039
codecanyon.net,3824
motthegioi.vn,2672
perezhilton.com,2185
babal.net,1702
yourlust.com,4644
tobogo.net,1487
plarium.com,3725
auto.ru,13698
tunein.com,5669
mic.com,1729
olx.co.id,5120
interpark.com,1237
searchengines.guru,1628
clien.net,2709
babal.net,1702
censor.net.ua,7925
otomoto.pl,9566
distractify.com,2039
torcache.net,1300
xvideo-jp.com,2159
kienthuc.net.vn,3218
thenextweb.com,2074
olx.co.id,5120
auto.ru,13698
extratorrent.cc,11839
sfglobe.com,1964
thechive.com,4369
torcache.net,1300
indianexpress.com,8096
themeforest.net,5633
searchengineland.com,1556
zozo.jp,2545
moviepilot.com,1899
khabaronline.ir,6323
babal.net,1702
gizmodo.com,3423
distractify.com,2039
tobogo.net,1487
tunein.com,5669
tunein.com,5669
vnexpress.net,7261
tunein.com,5669
stackoverflow.com,8830
motthegioi.vn,2672
hollywoodlife.com,4269
jalopnik.com,1261
duckduckgo.com,10011
auto.ru,13698
arstechnica.com,2645
katproxy.com,1536
olx.ua,12001
techcrunch.com,2296
lifehacker.com,3268
espn.go.com,5903
haberler.com,11425
duckduckgo.com,10011
syosetu.com,2094
twitter.com,15444
nesn.com,4299
extratorrent.cc,11839
correios.com.br,10972
kakaku.com,8778
extratorrent.cc,11839
fishki.net,9623
plarium.com,3725
patch.com,10876
olx.co.id,5120
olx.in,9983
depositphotos.com,4178
distractify.com,2039
pitchfork.com,4458
stackoverflow.com,8830
medium.com,6694
bdnews24.com,11617
superuser.com,2041
europa.eu,2666
genius.com,12013
sourceforge.net,6969
correios.com.br,10972
otomoto.pl,9566
diply.com,2804
hollywoodlife.com,4269
pitchfork.com,4458
momoshop.com.tw,1963
stackoverflow.com,8830
babal.net,1702
correios.com.br,10972
kakaku.com,8778
bestblackhatforum.com,1986
themeforest.net,5633
olx.ua,12001
askubuntu.com,1712
bleacherreport.com,6452
tinnhanh360.net,1254
twitter.com,15444
lifehacker.com,3268
interpark.com,1237
interpark.com,1237
thenextweb.com,2074
mic.com,1729
torcache.net,1300
correios.com.br,10972
privatbank.ua,9246
emgn.com,2256
marvel.com,2697
nesn.com,4299
extratorrent.cc,11839
lifehacker.com,3268
grantland.com,1778
torrentdn.com,1583
interpark.com,1237
metro.co.uk,10798
extratorrent.cc,11839
kienthuc.net.vn,3218
codecanyon.net,3824
xhamster.com,13827
noticias.uol.com.br,1148
sberbank.ru,6611
indianexpress.com,8096
pikabu.ru,5181
atwiki.jp,1746
kienthuc.net.vn,3218
kienthuc.net.vn,3218
xvideo-jp.com,2159
web.de,14799
torcache.net,1300
extratorrent.cc,11839
rt.com,4725
elcomercio.pe,7034
paytm.com,5639
mediaset.it,3667
aljazeera.net,11551
tunein.com,5669
thenextweb.com,2074
rozetka.com.ua,3989
fanpage.gr,1299
aljazeera.net,11551
tunein.com,5669
metro.co.uk,10798
depositphotos.com,4178
steamcommunity.com,5654
motthegioi.vn,2672
paytm.com,5639
bigcinema.tv,4616
kienthuc.net.vn,3218
thenextweb.com,2074
ringring.vn,1830
indianexpress.com,8096
pornsharing.com,2476
sourceforge.net,6969
nesn.com,4299
thenextweb.com,2074
uproxx.com,956
metro.co.uk,10798
babal.net,1702
mashable.com,2576
depositphotos.com,4178
interpark.com,1237
tinnhanh360.net,1254
searchengineland.com,1556
yourlust.com,4644
tobogo.net,1487
techcrunch.com,2296
tobogo.net,1487
extratorrent.cc,11839
nypost.com,6344
katproxy.com,1536
torcache.net,1300
kakaku.com,8778
thenextweb.com,2074
correios.com.br,10972
distractify.com,2039
gizmodo.com,3423
indianexpress.com,8096
thenextweb.com,2074
rocketnews24.com,1789
medium.com,6694
gawker.com,2157
steamcommunity.com,5654
medium.com,6694
askubuntu.com,1712
thenextweb.com,2074
depositphotos.com,4178
extratorrent.cc,11839
mashable.com,2576
buzzfil.net,2458
atwiki.jp,1746
jalopnik.com,1261
nesn.com,4299
babal.net,1702
techcrunch.com,2296
icicibank.com,15140
elcomercio.pe,7034
nguyentandung.org,2201
bestblackhatforum.com,1986
atwiki.jp,1746
gawker.com,2157
xossip.com,5144
extratorrent.cc,11839
metro.co.uk,10798
hubpages.com,2896
depositphotos.com,4178
torrentdn.com,1583
kenh14.vn,7582
torcache.net,1300
subscene.com,7867
seasonvar.ru,9108
thenextweb.com,2074
xvideo-jp.com,2159
themeforest.net,5633
sourceforge.net,6969
thenextweb.com,2074
kenh14.vn,7582
techcrunch.com,2296
mylust.com,6087
caixa.gov.br,695
torrentdn.com,1583
tobogo.net,1487
buzzfil.net,2458
askubuntu.com,1712
distractify.com,2039
pikabu.ru,5181
moviepilot.com,1899
nguyentandung.org,2201
stackoverflow.com,8830
sberbank.ru,6611
thechive.com,4369
hubpages.com,2896
fortune.com,5652
yourlust.com,4644
tunein.com,5669
aljazeera.net,11551
olx.in,9983
thenextweb.com,2074
otomoto.pl,9566
olx.in,9983
tinnhanh360.net,1254
kenh14.vn,7582
privatbank.ua,9246
io9.com,2018
kakaku.com,8778
babal.net,1702
squarespace.com,10507
nhs.uk,6261
extratorrent.cc,11839
perezhilton.com,2185
techcrunch.com,2296
tobogo.net,1487
bestblackhatforum.com,1986
perezhilton.com,2185
icicibank.com,15140
abc.go.com,4188
twitter.com,15444
torcache.net,1300
indianexpress.com,8096
kickass.to,4594
depositphotos.com,4178
grantland.com,1778
torcache.net,1300
cheezburger.com,2448
extratorrent.cc,11839
mic.com,1729
bleacherreport.com,6452
mic.com,1729
depositphotos.com,4178
telegraf.com.ua,4164
nypost.com,6344
tobogo.net,1487
elitedaily.com,2403
twitter.com,15444
nguyentandung.org,2201
digg.com,5113
nguyentandung.org,2201
sourceforge.net,6969
jezebel.com,6351
cox.com,11603
extratorrent.cc,11839
kickass.to,4594
olx.in,9983
babal.net,1702
akhbarelyom.com,1743
allegro.pl,10160
thechive.com,4369
pitchfork.com,4458
yourlust.com,4644
ameblo.jp,2844
uproxx.com,956
mylust.com,6087
twitter.com,15444
mic.com,1729
kenh14.vn,7582
qz.com,4950
askubuntu.com,1712
distractify.com,2039
getpocket.com,2632
gfycat.com,2044
babal.net,1702
fazenda.gov.br,5631
indianexpress.com,8096
otomoto.pl,9566
sfglobe.com,1964
buzzfil.net,2458
extratorrent.cc,11839
distractify.com,2039
kenh14.vn,7582
web.de,14799
thenextweb.com,2074
twitter.com,15444
momoshop.com.tw,1963
sourceforge.net,6969
extratorrent.cc,11839
emgn.com,2256
interpark.com,1237
tinnhanh360.net,1254
extratorrent.cc,11839
medium.com,6694
genius.com,12013
censor.net.ua,7925
espn.go.com,5903
mic.com,1729
correios.com.br,10972
sourceforge.net,6969
yourlust.com,4644
mashable.com,2576
bestblackhatforum.com,1986
mashable.com,2576
tobogo.net,1487
interpark.com,1237
mic.com,1729
nguyentandung.org,2201
buzzfil.net,2458
extratorrent.cc,11839
maybank2u.com.my,8060
icicibank.com,15140
jalopnik.com,1261
themeforest.net,5633
getpocket.com,2632
fanpage.gr,1299
olx.pl,11451
buzzfil.net,2458
thenextweb.com,2074
emgn.com,2256
superuser.com,2041
tobogo.net,1487
distractify.com,2039
techcrunch.com,2296
techcrunch.com,2296
ecnavi.jp,1781
hollywoodlife.com,4269
telegraf.com.ua,4164
twitter.com,15444
mylust.com,6087
web.de,14799
putlocker.is,9558
distractify.com,2039
pikabu.ru,5181
nesn.com,4299
megogo.net,3635
torcache.net,1300
extratorrent.cc,11839
olx.co.id,5120
ecnavi.jp,1781
techcrunch.com,2296
depositphotos.com,4178
olx.ro,10485
twitter.com,15444
askubuntu.com,1712
cox.com,11603
moviepilot.com,1899
mic.com,1729
maybank2u.com.my,8060
graphicriver.net,3234
500px.com,4954
deadspin.com,2712
udn.com,7851
qz.com,4950
olx.ro,10485
babal.net,1702
qz.com,4950
thechive.com,4369
thenextweb.com,2074
jezebel.com,6351
grantland.com,1778
twitter.com,15444
kenh14.vn,7582
ecnavi.jp,1781
hollywoodlife.com,4269
interpark.com,1237
olx.in,9983
emgn.com,2256
abcnews.go.com,6096
quizlet.com,7924
plarium.com,3725
torrentdn.com,1583
babal.net,1702
thenextweb.com,2074
persianblog.ir,2311
kickass.to,4594
auto.ru,13698
hollywoodlife.com,4269
interpark.com,1237
bestblackhatforum.com,1986
medium.com,6694
mashable.com,2576
kickass.to,4594
babal.net,1702
tinnhanh360.net,1254
codecanyon.net,3824
mylust.com,6087
xhamster.com,13827
atwiki.jp,1746
olx.co.id,5120
distractify.com,2039
distractify.com,2039
thenextweb.com,2074
hollywoodlife.com,4269
instagram.com,16422
mashable.com,2576
extratorrent.cc,11839
persianblog.ir,2311
extratorrent.cc,11839
nguyentandung.org,2201
bestblackhatforum.com,1986
otomoto.pl,9566
archive.org,14336
sourceforge.net,6969
torcache.net,1300
mic.com,1729
flirchi.com,2611
thenextweb.com,2074
olx.ro,10485
bleacherreport.com,6452
pornsharing.com,2476
ap.org,2649
noticias.uol.com.br,1148
steamcommunity.com,5654
uproxx.com,956
medium.com,6694
thechive.com,4369
hollywoodlife.com,4269
maybank2u.com.my,8060
torcache.net,1300
torcache.net,1300
digg.com,5113
nguyentandung.org,2201
europa.eu,2666
mic.com,1729
ero-video.net,5328
jalopnik.com,1261
mic.com,1729
atwiki.jp,1746
patch.com,10876
olx.ro,10485
mic.com,1729
irecommend.ru,4550
torcache.net,1300
tobogo.net,1487
tobogo.net,1487
moviepilot.com,1899
censor.net.ua,7925
buzzfil.net,2458
olx.co.id,5120
myspace.com,6451
mirtesen.ru,3408
squarespace.com,10507
qz.com,4950
babal.net,1702
indianexpress.com,8096
getpocket.com,2632
codecanyon.net,3824
emgn.com,2256
motthegioi.vn,2672
persianblog.ir,2311
ringring.vn,1830
torcache.net,1300
privatbank.ua,9246
emgn.com,2256
medium.com,6694
caixa.gov.br,695
giphy.com,11608
katproxy.com,1536
tobogo.net,1487
nesn.com,4299
jezebel.com,6351
codepen.io,9155
depositphotos.com,4178
buzzfil.net,2458
torcache.net,1300
superuser.com,2041
babal.net,1702
distractify.com,2039
icicibank.com,15140
elcomercio.pe,7034
medium.com,6694
indianexpress.com,8096
olx.in,9983
deadspin.com,2712
emgn.com,2256
allrecipes.com,11815
mylust.com,6087
smallseotools.com,4168
extratorrent.cc,11839
censor.net.ua,7925
depositphotos.com,4178
indianexpress.com,8096
momoshop.com.tw,1963
tobogo.net,1487
otomoto.pl,9566
emgn.com,2256
kienthuc.net.vn,3218
distractify.com,2039
eksisozluk.com,4038
yourlust.com,4644
udn.com,7851
steamcommunity.com,5654
interpark.com,1237
torcache.net,1300
nypost.com,6344
thenextweb.com,2074
emgn.com,2256
correios.com.br,10972
thenextweb.com,2074
torcache.net,1300
squarespace.com,10507
dealnews.com,4555
kenh14.vn,7582
sfglobe.com,1964
ringring.vn,1830
mic.com,1729
indianexpress.com,8096
torcache.net,1300
mic.com,1729
serverfault.com,1335
otomoto.pl,9566
allegro.pl,10160
lifehacker.com,3268
indianexpress.com,8096
gov.uk,4886
bdnews24.com,11617
olx.in,9983
nhs.uk,6234
bongda88.info,1509
mirtesen.ru,3408
motthegioi.vn,2672
elcomercio.pe,7034
tobogo.net,1487
thenextweb.com,2074
ameblo.jp,2844
xvideo-jp.com,2159
distractify.com,2039
bestblackhatforum.com,1986
dribbble.com,5241
themeforest.net,5633
otomoto.pl,9566
emgn.com,2256
gov.uk,4886
metro.co.uk,10798
techcrunch.com,2296
nypost.com,6344
buzzfil.net,2458
mic.com,1729
correios.com.br,10972
themeforest.net,5633
olx.in,9983
iconosquare.com,1963
distractify.com,2039
qz.com,4950
500px.com,4954
tinnhanh360.net,1254
variety.com,4543
icicibank.com,15140
ecnavi.jp,1781
perezhilton.com,2185
momoshop.com.tw,1963
diply.com,2804
lifehacker.com,3268
web.de,14799
babal.net,1702
variety.com,4543
ap.org,2649
creativemarket.com,2160
twitter.com,15444
akhbarelyom.com,1743
olx.pl,11451
distractify.com,2039
uproxx.com,956
500px.com,4954
esporte.uol.com.br,1635
tinnhanh360.net,1254
olx.co.id,5120
tinnhanh360.net,1254
motthegioi.vn,2672
megogo.net,3635
olx.pl,11451
plarium.com,3725
slashdot.org,4743
9gag.tv,1610
techcrunch.com,2296
torcache.net,1300
genius.com,12013
nesn.com,4299
mashable.com,2576
sourceforge.net,6969
ap.org,2649
superuser.com,2041
plarium.com,3725
metro.co.uk,10798
thenextweb.com,2074
medium.com,6694
torcache.net,1300
wordpress.org,14761
maybank2u.com.my,8060
hubpages.com,2896
web.tv,4123
aljazeera.net,11551
kienthuc.net.vn,3218
babal.net,1702
ap.org,2649
kenh14.vn,7582
atwiki.jp,1746
kakaku.com,8778
jezebel.com,6351
indianexpress.com,8096
tunein.com,5669
distractify.com,2039
gov.uk,4879
medium.com,6694
taboola.com,3860
babal.net,1702
depositphotos.com,4178
katproxy.com,1536
qz.com,4950
tunein.com,5669
ecnavi.jp,1781
indianexpress.com,8096
elitedaily.com,2403
olx.co.id,5120
motthegioi.vn,2672
katproxy.com,1536
emgn.com,2256
sourceforge.net,6969
babal.net,1702
ringring.vn,1830
lastpass.com,6793
nhs.uk,6257
olx.ua,12001
emgn.com,2256
olx.ro,10485
pornsharing.com,2476
1337x.to,13913
depositphotos.com,4178
motthegioi.vn,2672
torcache.net,1300
hdfcbank.com,13371
avxhome.se,2283
twitter.com,15444
kakaku.com,8778
aljazeera.net,11551
tinnhanh360.net,1254
torrentdn.com,1583
torrentdn.com,1583
allrecipes.com,11815
hollywoodlife.com,4269
cheezburger.com,2448
kenh14.vn,7582
searchengineland.com,1556
himado.in,2337
mashable.com,2576
1337x.to,13913
nesn.com,4299
comicbook.com,8471
emgn.com,2256
twitter.com,15444
correios.com.br,10972
olx.co.id,5120
hollywoodlife.com,4269
distractify.com,2039
gov.uk,4879
extratorrent.cc,11839
superuser.com,2041
mic.com,1729
giphy.com,5536
extratorrent.cc,11839
rocketnews24.com,1789
putlocker.is,9558
tune.pk,6279
nypost.com,6344
instagram.com,16422
500px.com,4954
emgn.com,2256
noticias.uol.com.br,1148
nymag.com,4290
thenextweb.com,2074
bestblackhatforum.com,1986
udn.com,7851
mic.com,1729
otomoto.pl,9566
pitchfork.com,4458
doodle.com,11698
bdnews24.com,11617
instagram.com,16422
distractify.com,2039
allegro.pl,10160
extratorrent.cc,11839
cheezburger.com,2448
twitter.com,15444
cox.com,11603
atwiki.jp,1746
olx.ro,10485
thenextweb.com,2074
babal.net,1702
nesn.com,4299
akhbarelyom.com,1743
allegro.pl,10160
slashdot.org,4743
tinnhanh360.net,1254
olx.in,9983
thenextweb.com,2074
depositphotos.com,4178
torcache.net,1300
wikiwiki.jp,2286
deadspin.com,2712
distractify.com,2039
sfglobe.com,1964
momoshop.com.tw,1963
fazenda.gov.br,5631
mylust.com,6087
metro.co.uk,10798
thenextweb.com,2074
thenextweb.com,2074
wikiwiki.jp,2286
udn.com,7851
archiveofourown.org,9848
uproxx.com,956
mashable.com,2576
thenextweb.com,2074
tune.pk,6279
pikabu.ru,5181
censor.net.ua,7925
udn.com,7851
extratorrent.cc,11839
twitter.com,15444
babal.net,1702
udn.com,7851
hootsuite.com,5139
putlocker.is,9558
sourceforge.net,6969
persianblog.ir,2311
syosetu.com,2094
ap.org,2649
torrentdn.com,1583
askubuntu.com,1712
nypost.com,6344
plarium.com,3725
extratorrent.cc,11839
indianexpress.com,8096
getpocket.com,2632
bongda88.info,1509
kickass.to,4594
olx.ua,12001
khabaronline.ir,6323
kenh14.vn,7582
plarium.com,3725
searchengineland.com,1556
ringring.vn,1830
interpark.com,1237
extratorrent.cc,11839
seekingalpha.com,3529
otomoto.pl,9566
slashdot.org,4743
noticias.uol.com.br,1148
olx.pl,11451
motthegioi.vn,2672
thechive.com,4369
torcache.net,1300
distractify.com,2039
udn.com,7851
xhamster.com,13827
fishki.net,9623
stackoverflow.com,8830
bestblackhatforum.com,1986
venturebeat.com,1860
kenh14.vn,7582
yourlust.com,4644
comicbook.com,8471
torcache.net,1300
techcrunch.com,2296
ecnavi.jp,1781
distractify.com,2039
udn.com,7851
mic.com,1729
web.de,14799
torcache.net,1300
kienthuc.net.vn,3218
syosetu.com,2094
babal.net,1702
censor.net.ua,7925
allrecipes.com,11815
xhamster.com,13827
userscloud.com,3014
getpocket.com,2632
mic.com,1729
bitbucket.org,6033
distractify.com,2039
persianblog.ir,2311
mashable.com,2576
babal.net,1702
olx.ro,10485
fortune.com,5652
bdnews24.com,11617
distractify.com,2039
deadspin.com,2712
indianexpress.com,8096
interpark.com,1237
thenextweb.com,2074
wikimapia.org,5561
sfglobe.com,1964
otomoto.pl,9566
twitter.com,15444
kienthuc.net.vn,3218
jalopnik.com,1261
grantland.com,1778
censor.net.ua,7925
askubuntu.com,1712
kickass.to,4594
buzzfil.net,2458
twitter.com,15444
tobogo.net,1487
mic.com,1729
distractify.com,2039
aljazeera.net,11551
uproxx.com,956
gov.uk,4878
techcrunch.com,2296
mic.com,1729
dantri.com.vn,11129
maybank2u.com.my,8060
motthegioi.vn,2672
mic.com,1729
techcrunch.com,2296
avxhome.se,2283
censor.net.ua,7925
distractify.com,2039
allegro.pl,10160
thenextweb.com,2074
xossip.com,5144
plarium.com,3725
steamcommunity.com,5654
buzzfil.net,2458
ap.org,2649
kickass.to,4594
allegro.pl,10160
correios.com.br,10972
abcnews.go.com,6096
techcrunch.com,2296
bongda88.info,1509
pikabu.ru,5181
metro.co.uk,10798
akhbarelyom.com,1743
extratorrent.cc,11839
ecnavi.jp,1781
smallseotools.com,4168
thenextweb.com,2074
dantri.com.vn,11129
emgn.com,2256
eksisozluk.com,4038
kienthuc.net.vn,3218
moviepilot.com,1899
distractify.com,2039
motthegioi.vn,2672
wikiwiki.jp,2286
espn.go.com,5903
twitter.com,15444
torcache.net,1300
nhs.uk,6262
medium.com,6694
nesn.com,4299
interpark.com,1237
correios.com.br,10972
akhbarelyom.com,1743
mylust.com,6087
xhamster.com,13827
bdnews24.com,11617
coccoc.com,3864
himado.in,2337
icicibank.com,15140
metro.co.uk,10798
quizlet.com,7924
stackoverflow.com,8830
medium.com,6694
katproxy.com,1536
ringring.vn,1830
motthegioi.vn,2672
nametests.com,2128
censor.net.ua,7925
bdnews24.com,11617
thenextweb.com,2074
babal.net,1702
xhamster.com,13827
esporte.uol.com.br,1635
otomoto.pl,9566
1337x.to,13913
maybank2u.com.my,8060
hollywoodlife.com,4269
indianexpress.com,8096
depositphotos.com,4178
ifttt.com,2199
mashable.com,2576
comicbook.com,8471
espn.go.com,5903
thechive.com,4369
techcrunch.com,2296
ringring.vn,1830
mixi.jp,2395
sourceforge.net,6969
katproxy.com,1536
privatbank.ua,9246
extratorrent.cc,11839
babal.net,1702
mirtesen.ru,3408
bdnews24.com,11617
indianexpress.com,8096
patch.com,10876
hdfcbank.com,13371
qz.com,4950
thenextweb.com,2074
rocketnews24.com,1789
bigcinema.tv,4616
mic.com,1729
thenextweb.com,2074
olx.ua,12001
qz.com,4950
aljazeera.net,11551
ap.org,2649
pikabu.ru,5181
privatbank.ua,9246
tobogo.net,1487
venturebeat.com,1860
seekingalpha.com,3529
udn.com,7851
otomoto.pl,9566
mashable.com,2576
ifttt.com,2199
tinnhanh360.net,1254
thenextweb.com,2074
codecanyon.net,3824
web.de,14799
twitter.com,15444
myspace.com,6451
9gag.tv,1610
torcache.net,1300
uproxx.com,956
pikabu.ru,5181
tunein.com,5669
torcache.net,1300
gizmodo.com,3423
khabaronline.ir,6323
torcache.net,1300
500px.com,4954
ecnavi.jp,1781
atwiki.jp,1746
khabaronline.ir,6323
archiveofourown.org,9848
syosetu.com,2094
censor.net.ua,7925
patch.com,10876
olx.ua,12001
torcache.net,1300
icicibank.com,15140
digg.com,5113
medium.com,6694
pornsharing.com,2476
superuser.com,2041
kenh14.vn,7582
olx.in,9983
abc.go.com,4188
mirtesen.ru,3408
distractify.com,2039
bigcinema.tv,4616
olx.ro,10485
emgn.com,2256
emgn.com,2256
olx.ro,10485
venturebeat.com,1860
thenextweb.com,2074
torcache.net,1300
telegraf.com.ua,4164
bestblackhatforum.com,1986
censor.net.ua,7925
abc.go.com,4188
ecnavi.jp,1781
mashable.com,2576
teespring.com,3209
web.de,14799
udn.com,7851
hollywoodlife.com,4269
xhamster.com,13827
distractify.com,2039
kienthuc.net.vn,3218
distractify.com,2039
olx.ro,10485
patch.com,10876
thenextweb.com,2074
xvideo-jp.com,2159
grantland.com,1778
distractify.com,2039
atwiki.jp,1746
techcrunch.com,2296
mirtesen.ru,3408
sourceforge.net,6969
doodle.com,11698
seekingalpha.com,3529
bdnews24.com,11617
500px.com,4954
perezhilton.com,2185
udn.com,7851
themeforest.net,5633
torrentdn.com,1583
mic.com,1729
distractify.com,2039
metro.co.uk,10798
auto.ru,13698
superuser.com,2041
mic.com,1729
jalopnik.com,1261
kakaku.com,8778
sourceforge.net,6969
depositphotos.com,4178
web.de,14799
allegro.pl,10160
iconosquare.com,1963
extratorrent.cc,11839
pikabu.ru,5181
kienthuc.net.vn,3218
plarium.com,3725
tunein.com,5669
momoshop.com.tw,1963
espn.go.com,5903
deadspin.com,2712
lifehacker.com,3268
sourceforge.net,6969
mylust.com,6087
mashable.com,2576
torrentdn.com,1583
mediaset.it,3667
torcache.net,1300
diply.com,2804
searchengineland.com,1556
fazenda.gov.br,5631
censor.net.ua,7925
babal.net,1702
otomoto.pl,9566
kickass.to,4594
allegro.pl,10160
medium.com,6694
olx.co.id,5120
europa.eu,2666
tinnhanh360.net,1254
distractify.com,2039
ringring.vn,1830
metro.co.uk,10798
extratorrent.cc,11839
io9.com,2018
tobogo.net,1487
plarium.com,3725
deadspin.com,2712
qz.com,4950
thenextweb.com,2074
abcnews.go.com,6096
udn.com,7851
olx.ua,12001
khabaronline.ir,6323
distractify.com,2039
arstechnica.com,2645
olx.co.id,5120
distractify.com,2039
motthegioi.vn,2672
cox.com,11603
serverfault.com,1335
distractify.com,2039
censor.net.ua,7925
searchengineland.com,1556
correios.com.br,10972
thenextweb.com,2074
emgn.com,2256
variety.com,4543
techcrunch.com,2296
hdfcbank.com,13371
pornsharing.com,2476
torcache.net,1300
mic.com,1729
moviepilot.com,1899
pornsharing.com,2476
metro.co.uk,10798
otomoto.pl,9566
kotaku.com,4009
nesn.com,4299
babal.net,1702
otomoto.pl,9566
distractify.com,2039
nymag.com,4290
motthegioi.vn,2672
allegro.pl,10160
pornsharing.com,2476
wordpress.org,14761
wordpress.org,14761
atwiki.jp,1746
allegro.pl,10160
hollywoodlife.com,4269
teespring.com,3209
distractify.com,2039
avxhome.se,2283
thenextweb.com,2074
nypost.com,6344
quizlet.com,7924
censor.net.ua,7925
searchengineland.com,1556
sfglobe.com,1964
dribbble.com,5241
olx.ua,12001
plarium.com,3725
techcrunch.com,2296
torcache.net,1300
censor.net.ua,7925
sourceforge.net,6969
interpark.com,1237
tobogo.net,1487
bigcinema.tv,4616
slashdot.org,4743
torcache.net,1300
cheezburger.com,2448
buzzfil.net,2458
askubuntu.com,1712
superuser.com,2041
codecanyon.net,3824
olx.ro,10485
babal.net,1702
b9dm.com,2874
nesn.com,4299
thenextweb.com,2074
torcache.net,1300
thenextweb.com,2074
aljazeera.net,11551
stackoverflow.com,8830
sprint.com,8830
distractify.com,2039
icicibank.com,15140
maybank2u.com.my,8060
fazenda.gov.br,5631
irecommend.ru,4550
yourlust.com,4644
sfglobe.com,1964
aljazeera.net,11551
pornsharing.com,2476
torcache.net,1300
thenextweb.com,2074
gizmodo.com,3423
twitter.com,15444
variety.com,4543
gov.uk,4879
mic.com,1729
allrecipes.com,11815
olx.pl,11451
auto.ru,13698
tsite.jp,2206
sourceforge.net,6969
udn.com,7851
interpark.com,1237
correios.com.br,10972
onedio.com,3388
otomoto.pl,9566
tunein.com,5669
thenextweb.com,2074
emgn.com,2256
babal.net,1702
torcache.net,1300
otomoto.pl,9566
distractify.com,2039
motthegioi.vn,2672
screenrant.com,3777
olx.pl,11451
digg.com,5113
mashable.com,2576
thechive.com,4369
pikabu.ru,5181
medium.com,6694
ap.org,2649
metro.co.uk,10798
olx.co.id,5120
otomoto.pl,9566
lifehacker.com,3268
indianexpress.com,8096
thechive.com,4369
olx.ro,10485
ap.org,2649
thenextweb.com,2074
bleacherreport.com,6452
themeforest.net,5633
momoshop.com.tw,1963
dropbooks.tv,1536
superuser.com,2041
xhamster.com,13827
correios.com.br,10972
torcache.net,1300
techcrunch.com,2296
pikabu.ru,5181
indianexpress.com,8096
extratorrent.cc,11839
jalopnik.com,1261
2gis.ru,6662
extratorrent.cc,11839
kenh14.vn,7582
500px.com,4954
tobogo.net,1487
babal.net,1702
getpocket.com,2632
depositphotos.com,4178
torrentdn.com,1583
giphy.com,11608
serverfault.com,1335
ap.org,2649
mylust.com,6087
khabaronline.ir,6323
correios.com.br,10972
arstechnica.com,2645
mylust.com,6087
kakaku.com,8778
lifehacker.com,3268
extratorrent.cc,11839
mylust.com,6087
buzzfil.net,2458
lifehacker.com,3268
uproxx.com,956
tobogo.net,1487
teespring.com,3209
nguyentandung.org,2201
akhbarelyom.com,1743
allegro.pl,10160
extratorrent.cc,11839
otomoto.pl,9566
seekingalpha.com,3529
getpocket.com,2632
techcrunch.com,2296
mylust.com,6087
techcrunch.com,2296
sourceforge.net,6969
screenrant.com,3777
kienthuc.net.vn,3218
olx.in,9983
akhbarelyom.com,1743
gov.uk,4879
distractify.com,2039
1337x.to,13913
xhamster.com,13827
mashable.com,2576
aljazeera.net,11551
cheezburger.com,2448
web.de,14799
torcache.net,1300
techcrunch.com,2296
mylust.com,6087
olx.co.id,5120
twitter.com,15444
nesn.com,4299
emgn.com,2256
elitedaily.com,2403
hollywoodlife.com,4269
bestblackhatforum.com,1986
skyrock.com,6584
indianexpress.com,8096
tunein.com,5669
variety.com,4543
fishki.net,9623
zozo.jp,2545
comicbook.com,8471
distractify.com,2039
babal.net,1702
babal.net,1702
tobogo.net,1487
motthegioi.vn,2672
olx.co.id,5120
correios.com.br,10972
kenh14.vn,7582
onedio.com,3388
extratorrent.cc,11839
searchengineland.com,1556
torcache.net,1300
khabaronline.ir,6323
nhs.uk,6261
themeforest.net,5633
nypost.com,6344
extratorrent.cc,11839
tobogo.net,1487
plarium.com,3725
torcache.net,1300
buzzfil.net,2458
olx.ro,10485
eksisozluk.com,4038
grantland.com,1778
searchengines.guru,1628
thenextweb.com,2074
xhamster.com,13827
olx.ro,10485
censor.net.ua,7925
mashable.com,2576
kakaku.com,8778
indianexpress.com,8096
grantland.com,1778
ap.org,2649
kienthuc.net.vn,3218
extratorrent.cc,11839
moviepilot.com,1899
censor.net.ua,7925
interpark.com,1237
tunein.com,5669
themeforest.net,5633
udn.com,7851
emgn.com,2256
syosetu.com,2094
yourlust.com,4644
atwiki.jp,1746
himado.in,2337
elitedaily.com,2403
tunein.com,5669
thenextweb.com,2074
distractify.com,2039
correios.com.br,10972
ap.org,2649
fortune.com,5652
nypost.com,6344
correios.com.br,10972
web.de,14799
babal.net,1702
emgn.com,2256
emgn.com,2256
tunein.com,5669
moviepilot.com,1899
kotaku.com,4009
thenextweb.com,2074
tobogo.net,1487
slashdot.org,4743
depositphotos.com,4178
udn.com,7851
ck101.com,1349
kenh14.vn,7582
babal.net,1702
thenextweb.com,2074
kienthuc.net.vn,3218
thenextweb.com,2074
katproxy.com,1536
maybank2u.com.my,8060
mylust.com,6087
extratorrent.cc,11839
comicbook.com,8471
kenh14.vn,7582
nesn.com,4299
web.de,14799
mylust.com,6087
udn.com,7851
mylust.com,6087
kakaku.com,8778
pornsharing.com,2476
motthegioi.vn,2672
mic.com,1729
otomoto.pl,9566
medium.com,6694
tunein.com,5669
filehippo.com,7520
elitedaily.com,2403
superuser.com,2041
icicibank.com,15140
ecnavi.jp,1781
web.de,14799
torcache.net,1300
interpark.com,1237
tunein.com,5669
themeforest.net,5633
atwiki.jp,1746
bestblackhatforum.com,1986
pornsharing.com,2476
sourceforge.net,6969
olx.ua,12001
hootsuite.com,5139
torcache.net,1300
serverfault.com,1335
variety.com,4543
indianexpress.com,8096
thenextweb.com,2074
uproxx.com,956
allegro.pl,10160
jezebel.com,6351
katproxy.com,1536
indianexpress.com,8096
olx.in,9983
thenextweb.com,2074
couchtuner.eu.com,1527
otomoto.pl,9566
serverfault.com,1335
torcache.net,1300
seesaawiki.jp,1946
tinnhanh360.net,1254
otomoto.pl,9566
noticias.uol.com.br,1148
twitter.com,15444
thenextweb.com,2074
nesn.com,4299
foursquare.com,1934
mylust.com,6087
getpocket.com,2632
bdnews24.com,11617
patch.com,10876
nypost.com,6344
tinnhanh360.net,1254
sourceforge.net,6969
otomoto.pl,9566
worldoftanks.ru,3968
emgn.com,2256
tobogo.net,1487
twitter.com,15444
thechive.com,4369
serverfault.com,1335
pikabu.ru,5181
extratorrent.cc,11839
emgn.com,2256
hollywoodlife.com,4269
web.de,14799
getpocket.com,2632
zozo.jp,2545
kienthuc.net.vn,3218
kizi.com,6029
jalopnik.com,1261
xhamster.com,13827
themeforest.net,5633
kienthuc.net.vn,3218
slashdot.org,4743
fishki.net,9623
torcache.net,1300
metro.co.uk,10798
censor.net.ua,7925
allrecipes.com,11815
pornsharing.com,2476
hollywoodlife.com,4269
techcrunch.com,2296
web.de,14799
torcache.net,1300
skyrock.com,6584
rocketnews24.com,1789
codecanyon.net,3824
stackoverflow.com,8830
mylust.com,6087
motthegioi.vn,2672
depositphotos.com,4178
allrecipes.com,11815
udn.com,7851
torcache.net,1300
mashable.com,2576
duckduckgo.com,10011
distractify.com,2039
ink361.com,2139
indianexpress.com,8096
lifehacker.com,3268
lifehacker.com,3268
qz.com,4950
comicbook.com,8471
eksisozluk.com,4038
correios.com.br,10972
lifehacker.com,3268
sfglobe.com,1964
getpocket.com,2632
nesn.com,4299
tobogo.net,1487
io9.com,2018
500px.com,4954
dribbble.com,5241
babal.net,1702
espn.go.com,5903
nesn.com,4299
moviepilot.com,1899
tunein.com,5669
kickass.to,4594
superuser.com,2041
pornsharing.com,2476
tunein.com,5669
mirtesen.ru,3408
distractify.com,2039
emgn.com,2256
allegro.pl,10160
thenextweb.com,2074
motthegioi.vn,2672
quizlet.com,7924
elitedaily.com,2403
variety.com,4543
medium.com,6694
motthegioi.vn,2672
medium.com,6694
bluegape.com,2085
techcrunch.com,2296
techcrunch.com,2296
sourceforge.net,6969
putlocker.is,9558
bdnews24.com,11617
metro.co.uk,10798
twitter.com,15444
indianexpress.com,8096
otomoto.pl,9566
otomoto.pl,9566
olx.ro,10485
maybank2u.com.my,8060
emgn.com,2256
diply.com,2804
twitter.com,15444
torcache.net,1300
mylust.com,6087
otomoto.pl,9566
perezhilton.com,2185
motthegioi.vn,2672
stackoverflow.com,8830
chaturbate.com,12359
extratorrent.cc,11839
emgn.com,2256
getpocket.com,2632
elitedaily.com,2403
superuser.com,2041
spankbang.com,14185
nguyentandung.org,2201
twitter.com,15444
torcache.net,1300
gawker.com,2157
serverfault.com,1335
slickdeals.net,8656
kienthuc.net.vn,3218
emgn.com,2256
torcache.net,1300
olx.in,9983
mirtesen.ru,3408
9gag.tv,1610
hubpages.com,2896
indianexpress.com,8096
sfglobe.com,1964
babal.net,1702
interpark.com,1237
khabaronline.ir,6323
patch.com,10876
thenextweb.com,2074
mashable.com,2576
pikabu.ru,5181
mylust.com,6087
plarium.com,3725
hollywoodlife.com,4269
kienthuc.net.vn,3218
emgn.com,2256
medium.com,6694
olx.ro,10485
themeforest.net,5633
xhamster.com,13827
kienthuc.net.vn,3218
syosetu.com,2094
ameblo.jp,2844
kakaku.com,8778
sfglobe.com,1964
ringring.vn,1830
xvideo-jp.com,2159
babal.net,1702
allrecipes.com,11815
buzzfil.net,2458
stackoverflow.com,8830
couchtuner.eu.com,1527
tobogo.net,1487
genius.com,12013
allegro.pl,10160
espn.go.com,5903
pikabu.ru,5181
mic.com,1729
buzzfil.net,2458
steamcommunity.com,5654
500px.com,4954
udn.com,7851
torcache.net,1300
codecanyon.net,3824
slickdeals.net,8656
distractify.com,2039
olx.ro,10485
correios.com.br,10972
babal.net,1702
graphicriver.net,3234
thenextweb.com,2074
kienthuc.net.vn,3218
mylust.com,6087
seekingalpha.com,3529
bestblackhatforum.com,1986
fanpage.gr,1299
codepen.io,9155
moviepilot.com,1899
momoshop.com.tw,1963
emgn.com,2256
mashable.com,2576
motthegioi.vn,2672
nesn.com,4299
correios.com.br,10972
tune.pk,6279
motthegioi.vn,2672
motthegioi.vn,2672
kenh14.vn,7582
techcrunch.com,2296
emgn.com,2256
mashable.com,2576
1337x.to,13913
extratorrent.cc,11839
quizlet.com,7924
deadspin.com,2712
ifttt.com,2199
sourceforge.net,6969
perezhilton.com,2185
tunein.com,5669
chaturbate.com,12359
twitter.com,15444
maybank2u.com.my,8060
codecanyon.net,3824
tunein.com,5669
twitter.com,15444
emgn.com,2256
tobogo.net,1487
sfglobe.com,1964
distractify.com,2039
perezhilton.com,2185
web.de,14799
aljazeera.net,11551
interpark.com,1237
aljazeera.net,11551
hollywoodlife.com,4269
sourceforge.net,6969
thenextweb.com,2074
wpengine.com,1717
torcache.net,1300
maybank2u.com.my,8060
jalopnik.com,1261
qz.com,4950
stackoverflow.com,8830
wpengine.com,1717
nesn.com,4299
persianblog.ir,2311
nypost.com,6344
babal.net,1702
correios.com.br,10972
rt.com,4725
irecommend.ru,4550
buzzfil.net,2458
zozo.jp,2545
babal.net,1702
mylust.com,6087
pornsharing.com,2476
aljazeera.net,11551
venturebeat.com,1860
thenextweb.com,2074
stackoverflow.com,8830
allegro.pl,10160
nesn.com,4299
ap.org,2649
sfglobe.com,1964
wpengine.com,1717
motthegioi.vn,2672
sourceforge.net,6969
gov.uk,5601
torcache.net,1300
emgn.com,2256
noticias.uol.com.br,1148
mic.com,1729
paytm.com,5639
espn.go.com,5903
olx.ua,12001
plarium.com,3725
fanpage.gr,1299
hdfcbank.com,13371
askubuntu.com,1712
serverfault.com,1335
twitter.com,15444
grantland.com,1778
buzzfil.net,2458
abcnews.go.com,6096
thenextweb.com,2074
distractify.com,2039
extratorrent.cc,11839
deadspin.com,2712
metro.co.uk,10798
medium.com,6694
jalopnik.com,1261
olx.co.id,5120
sourceforge.net,6969
putlocker.is,9558
telegraf.com.ua,4164
hdfcbank.com,13371
ink361.com,2139
wpengine.com,1717
olx.co.id,5120
distractify.com,2039
grantland.com,1778
xhamster.com,13827
wordpress.org,14761
serverfault.com,1335
seekingalpha.com,3529
emgn.com,2256
ap.org,2649
perezhilton.com,2185
lastpass.com,6793
allegro.pl,10160
indianexpress.com,8096
syosetu.com,2094
medium.com,6694
buzzfil.net,2458
olx.ro,10485
thechive.com,4369
udn.com,7851
superuser.com,2041
tobogo.net,1487
sfglobe.com,1964
persianblog.ir,2311
myspace.com,6451
chaturbate.com,12359
distractify.com,2039
allegro.pl,10160
sourceforge.net,6969
bongda88.info,1509
squarespace.com,10507
khabaronline.ir,6323
mic.com,1729
putlocker.is,9558
thenextweb.com,2074
faithtap.com,1339
tobogo.net,1487
censor.net.ua,7925
xvideo-jp.com,2159
torcache.net,1300
techcrunch.com,2296
emgn.com,2256
olx.ro,10485
haberler.com,11425
correios.com.br,10972
nguyentandung.org,2201
motthegioi.vn,2672
otomoto.pl,9566
twitter.com,15444
bdnews24.com,11617
superuser.com,2041
